lead_id,owner,source,created_at,appt_set,appt_show,qualified,proposal,closed_won,deal_size,cycle_days,tasks_overdue
1,Matt,Outbound,2025-03-12 00:00:00,0,0,0,0,0,0.0,7,2
2,Sam,Referral,2025-03-02 11:00:00,1,1,1,0,0,0.0,10,1
3,Sam,Referral,2025-03-25 16:00:00,0,0,0,0,0,0.0,18,2
4,Jordan,Inbound,2025-03-28 10:00:00,0,0,0,0,0,0.0,24,0
5,Jordan,Inbound,2025-03-05 10:00:00,1,1,1,1,0,0.0,13,0
6,Taylor,Outbound,2025-02-03 09:00:00,0,0,0,0,0,0.0,11,1
7,Matt,Retail,2025-02-23 21:00:00,1,1,1,0,0,0.0,10,1
8,Sam,Referral,2025-02-08 06:00:00,1,1,1,0,0,0.0,5,0
9,Alex,Inbound,2025-02-26 14:00:00,1,1,1,0,0,0.0,3,1
10,Matt,Retail,2025-03-15 02:00:00,0,0,0,0,0,0.0,21,0
11,Jordan,Retail,2025-02-03 05:00:00,1,1,1,1,1,3032.0,34,0
12,Taylor,Referral,2025-02-15 12:00:00,1,0,0,0,0,0.0,20,0
13,Sam,Retail,2025-01-05 02:00:00,1,1,0,0,0,0.0,7,0
14,Sam,Retail,2025-03-08 06:00:00,1,1,1,0,0,0.0,17,0
15,Sam,Retail,2025-02-14 02:00:00,1,1,1,1,0,0.0,23,1
16,Sam,Retail,2025-02-11 08:00:00,1,1,1,1,0,0.0,19,0
17,Jordan,Retail,2025-02-17 22:00:00,1,0,0,0,0,0.0,18,0
18,Matt,Outbound,2025-01-20 09:00:00,1,1,1,1,1,3205.0,29,0
19,Taylor,Retail,2025-02-23 19:00:00,0,0,0,0,0,0.0,15,1
20,Jordan,Outbound,2025-03-09 01:00:00,1,1,0,0,0,0.0,16,0
21,Jordan,Referral,2025-02-01 11:00:00,0,0,0,0,0,0.0,11,1
22,Alex,Retail,2025-01-12 19:00:00,1,1,1,0,0,0.0,2,3
23,Matt,Retail,2025-02-04 19:00:00,1,1,1,0,0,0.0,22,1
24,Taylor,Inbound,2025-01-18 20:00:00,1,1,0,0,0,0.0,6,3
25,Sam,Retail,2025-02-03 15:00:00,1,1,0,0,0,0.0,24,1
26,Sam,Retail,2025-02-26 09:00:00,1,1,0,0,0,0.0,23,1
27,Jordan,Events,2025-01-11 04:00:00,0,0,0,0,0,0.0,2,1
28,Taylor,Events,2025-03-09 06:00:00,1,0,0,0,0,0.0,19,0
29,Jordan,Outbound,2025-01-21 05:00:00,1,1,1,1,1,3510.0,33,0
30,Jordan,Retail,2025-03-22 12:00:00,0,0,0,0,0,0.0,7,0
31,Jordan,Outbound,2025-03-07 22:00:00,1,1,1,1,0,0.0,20,1
32,Alex,Outbound,2025-01-25 12:00:00,1,1,1,0,0,0.0,4,1
33,Matt,Retail,2025-02-20 16:00:00,1,1,1,1,0,0.0,7,2
34,Jordan,Inbound,2025-01-10 23:00:00,1,1,1,1,0,0.0,23,0
35,Taylor,Retail,2025-01-09 23:00:00,1,0,0,0,0,0.0,19,0
36,Matt,Retail,2025-03-28 01:00:00,0,0,0,0,0,0.0,4,0
37,Taylor,Inbound,2025-03-14 05:00:00,0,0,0,0,0,0.0,5,0
38,Taylor,Retail,2025-01-14 21:00:00,1,1,0,0,0,0.0,7,0
39,Alex,Retail,2025-01-26 10:00:00,0,0,0,0,0,0.0,3,0
40,Sam,Referral,2025-01-18 18:00:00,0,0,0,0,0,0.0,6,0
41,Matt,Events,2025-02-05 13:00:00,1,1,1,1,0,0.0,15,0
42,Sam,Inbound,2025-01-27 05:00:00,0,0,0,0,0,0.0,2,1
43,Sam,Referral,2025-01-30 12:00:00,0,0,0,0,0,0.0,8,0
44,Alex,Events,2025-02-17 15:00:00,0,0,0,0,0,0.0,9,1
45,Matt,Retail,2025-01-18 00:00:00,0,0,0,0,0,0.0,24,0
46,Taylor,Retail,2025-03-21 10:00:00,1,0,0,0,0,0.0,24,0
47,Jordan,Retail,2025-03-07 11:00:00,1,1,1,1,0,0.0,21,0
48,Taylor,Retail,2025-03-10 10:00:00,1,1,1,0,0,0.0,9,1
49,Sam,Outbound,2025-01-16 06:00:00,1,0,0,0,0,0.0,14,0
50,Sam,Retail,2025-03-05 17:00:00,1,1,0,0,0,0.0,13,1
51,Sam,Inbound,2025-03-17 06:00:00,0,0,0,0,0,0.0,21,0
52,Matt,Retail,2025-01-16 18:00:00,1,1,1,1,0,0.0,19,0
53,Alex,Retail,2025-03-09 14:00:00,1,1,1,1,1,3609.0,15,0
54,Jordan,Referral,2025-02-02 04:00:00,0,0,0,0,0,0.0,14,1
55,Jordan,Retail,2025-03-12 21:00:00,1,1,0,0,0,0.0,23,1
56,Matt,Retail,2025-02-13 01:00:00,1,1,0,0,0,0.0,19,0
57,Jordan,Retail,2025-03-14 04:00:00,0,0,0,0,0,0.0,18,1
58,Matt,Inbound,2025-01-14 06:00:00,1,1,0,0,0,0.0,17,1
59,Sam,Inbound,2025-02-05 00:00:00,1,1,1,1,1,3646.0,41,0
60,Sam,Inbound,2025-01-25 14:00:00,1,1,0,0,0,0.0,15,0
61,Taylor,Retail,2025-01-23 08:00:00,0,0,0,0,0,0.0,10,0
62,Sam,Retail,2025-01-28 17:00:00,1,1,0,0,0,0.0,16,1
63,Alex,Referral,2025-02-04 10:00:00,1,1,1,1,0,0.0,7,1
64,Taylor,Inbound,2025-01-12 10:00:00,1,0,0,0,0,0.0,20,1
65,Jordan,Inbound,2025-03-05 15:00:00,1,1,1,0,0,0.0,15,2
66,Alex,Outbound,2025-02-19 12:00:00,0,0,0,0,0,0.0,18,2
67,Taylor,Outbound,2025-03-16 15:00:00,1,1,1,1,0,0.0,7,1
68,Alex,Retail,2025-03-05 10:00:00,0,0,0,0,0,0.0,20,1
69,Matt,Retail,2025-01-14 09:00:00,1,1,0,0,0,0.0,20,1
70,Jordan,Inbound,2025-01-07 07:00:00,1,1,1,1,0,0.0,5,1
71,Sam,Retail,2025-02-08 01:00:00,0,0,0,0,0,0.0,10,1
72,Matt,Referral,2025-02-13 07:00:00,1,0,0,0,0,0.0,17,1
73,Jordan,Inbound,2025-01-22 14:00:00,1,0,0,0,0,0.0,22,0
74,Matt,Outbound,2025-03-12 09:00:00,0,0,0,0,0,0.0,18,0
75,Sam,Referral,2025-02-22 08:00:00,1,0,0,0,0,0.0,12,1
76,Jordan,Inbound,2025-03-09 07:00:00,1,0,0,0,0,0.0,8,1
77,Alex,Referral,2025-01-10 19:00:00,0,0,0,0,0,0.0,22,1
78,Alex,Inbound,2025-03-15 08:00:00,1,1,1,1,0,0.0,22,0
79,Jordan,Referral,2025-01-19 13:00:00,1,1,1,1,0,0.0,22,0
80,Sam,Retail,2025-02-10 08:00:00,1,1,1,0,0,0.0,9,0
81,Taylor,Inbound,2025-02-09 13:00:00,1,1,1,1,0,0.0,12,0
82,Jordan,Inbound,2025-03-15 20:00:00,1,1,1,1,0,0.0,7,0
83,Matt,Retail,2025-01-25 21:00:00,0,0,0,0,0,0.0,23,0
84,Taylor,Retail,2025-01-22 16:00:00,1,1,1,1,0,0.0,21,1
85,Sam,Referral,2025-01-31 13:00:00,0,0,0,0,0,0.0,5,1
86,Sam,Inbound,2025-02-02 11:00:00,1,1,0,0,0,0.0,7,0
87,Matt,Retail,2025-01-17 08:00:00,1,1,1,0,0,0.0,14,0
88,Alex,Retail,2025-01-16 20:00:00,1,1,1,1,0,0.0,11,0
89,Sam,Retail,2025-01-21 19:00:00,0,0,0,0,0,0.0,12,0
90,Taylor,Retail,2025-02-12 01:00:00,1,0,0,0,0,0.0,10,2
91,Jordan,Referral,2025-01-31 21:00:00,1,0,0,0,0,0.0,17,0
92,Taylor,Retail,2025-02-05 06:00:00,0,0,0,0,0,0.0,22,0
93,Taylor,Retail,2025-03-06 17:00:00,0,0,0,0,0,0.0,23,1
94,Alex,Inbound,2025-01-22 16:00:00,1,0,0,0,0,0.0,12,0
95,Taylor,Retail,2025-03-23 21:00:00,0,0,0,0,0,0.0,21,0
96,Alex,Retail,2025-03-09 15:00:00,1,1,1,1,0,0.0,17,0
97,Alex,Outbound,2025-01-16 17:00:00,1,1,1,0,0,0.0,6,1
98,Sam,Inbound,2025-01-29 05:00:00,1,1,1,1,0,0.0,20,0
99,Sam,Events,2025-01-17 12:00:00,1,1,1,0,0,0.0,10,2
100,Matt,Inbound,2025-01-25 13:00:00,1,1,0,0,0,0.0,16,0
101,Taylor,Inbound,2025-02-02 21:00:00,0,0,0,0,0,0.0,18,1
102,Matt,Outbound,2025-01-12 18:00:00,1,1,1,1,0,0.0,23,0
103,Taylor,Referral,2025-01-02 07:00:00,0,0,0,0,0,0.0,23,0
104,Matt,Outbound,2025-02-09 11:00:00,0,0,0,0,0,0.0,20,0
105,Sam,Events,2025-03-05 02:00:00,0,0,0,0,0,0.0,13,3
106,Sam,Outbound,2025-01-28 06:00:00,0,0,0,0,0,0.0,11,1
107,Sam,Referral,2025-03-19 10:00:00,0,0,0,0,0,0.0,12,1
108,Sam,Retail,2025-02-03 05:00:00,0,0,0,0,0,0.0,23,0
109,Jordan,Outbound,2025-03-23 01:00:00,1,1,0,0,0,0.0,6,0
110,Sam,Retail,2025-01-22 05:00:00,1,0,0,0,0,0.0,14,0
111,Alex,Inbound,2025-02-18 12:00:00,1,1,1,1,0,0.0,17,0
112,Sam,Outbound,2025-03-10 16:00:00,1,1,0,0,0,0.0,2,0
113,Jordan,Events,2025-01-06 07:00:00,1,1,0,0,0,0.0,16,1
114,Jordan,Events,2025-03-25 16:00:00,0,0,0,0,0,0.0,7,0
115,Jordan,Retail,2025-02-02 20:00:00,1,1,0,0,0,0.0,8,0
116,Jordan,Outbound,2025-02-14 19:00:00,0,0,0,0,0,0.0,16,0
117,Matt,Outbound,2025-02-26 13:00:00,1,1,1,1,0,0.0,2,1
118,Matt,Retail,2025-02-27 20:00:00,1,1,0,0,0,0.0,5,0
119,Alex,Retail,2025-01-03 03:00:00,1,1,1,1,1,4580.0,29,0
120,Matt,Retail,2025-03-20 01:00:00,1,1,1,1,0,0.0,15,1
121,Jordan,Outbound,2025-02-26 02:00:00,1,1,0,0,0,0.0,4,0
122,Sam,Inbound,2025-03-31 21:00:00,1,1,0,0,0,0.0,10,0
123,Sam,Events,2025-02-12 10:00:00,1,1,0,0,0,0.0,9,2
124,Jordan,Inbound,2025-02-25 05:00:00,1,1,1,1,0,0.0,14,0
125,Taylor,Events,2025-02-09 16:00:00,1,1,0,0,0,0.0,8,0
126,Jordan,Retail,2025-03-22 01:00:00,1,1,1,1,0,0.0,2,0
127,Matt,Outbound,2025-03-16 21:00:00,1,1,1,1,0,0.0,14,4
128,Sam,Retail,2025-03-23 18:00:00,1,1,1,1,0,0.0,21,1
129,Jordan,Inbound,2025-02-15 09:00:00,1,1,0,0,0,0.0,15,0
130,Sam,Outbound,2025-03-13 05:00:00,1,0,0,0,0,0.0,10,1
131,Jordan,Referral,2025-02-02 06:00:00,1,1,0,0,0,0.0,13,3
132,Jordan,Outbound,2025-02-11 11:00:00,0,0,0,0,0,0.0,5,0
133,Matt,Retail,2025-03-10 10:00:00,0,0,0,0,0,0.0,7,0
134,Jordan,Retail,2025-01-08 07:00:00,0,0,0,0,0,0.0,12,1
135,Sam,Retail,2025-03-05 22:00:00,1,1,1,0,0,0.0,15,1
136,Alex,Retail,2025-01-02 10:00:00,1,1,1,1,0,0.0,13,0
137,Sam,Outbound,2025-02-22 06:00:00,1,0,0,0,0,0.0,24,0
138,Matt,Outbound,2025-02-12 22:00:00,0,0,0,0,0,0.0,16,1
139,Alex,Outbound,2025-02-12 04:00:00,0,0,0,0,0,0.0,2,1
140,Jordan,Referral,2025-02-14 11:00:00,0,0,0,0,0,0.0,14,0
141,Taylor,Outbound,2025-02-14 06:00:00,0,0,0,0,0,0.0,15,0
142,Alex,Outbound,2025-02-06 15:00:00,1,1,1,1,0,0.0,3,0
143,Alex,Retail,2025-02-10 14:00:00,0,0,0,0,0,0.0,10,0
144,Jordan,Retail,2025-02-21 03:00:00,0,0,0,0,0,0.0,22,1
145,Taylor,Inbound,2025-03-10 17:00:00,1,0,0,0,0,0.0,10,0
146,Taylor,Referral,2025-02-19 16:00:00,0,0,0,0,0,0.0,12,1
147,Matt,Retail,2025-02-27 19:00:00,1,1,1,0,0,0.0,7,0
148,Alex,Inbound,2025-03-17 07:00:00,0,0,0,0,0,0.0,3,0
149,Taylor,Outbound,2025-03-31 01:00:00,0,0,0,0,0,0.0,9,1
150,Matt,Retail,2025-01-10 18:00:00,1,1,1,1,1,4004.0,39,1
151,Taylor,Retail,2025-03-06 03:00:00,0,0,0,0,0,0.0,24,0
152,Alex,Referral,2025-01-21 06:00:00,1,1,1,1,1,5272.0,9,1
153,Taylor,Outbound,2025-01-18 17:00:00,0,0,0,0,0,0.0,21,0
154,Alex,Retail,2025-03-13 08:00:00,0,0,0,0,0,0.0,16,1
155,Jordan,Referral,2025-01-07 04:00:00,0,0,0,0,0,0.0,17,2
156,Sam,Retail,2025-03-18 07:00:00,0,0,0,0,0,0.0,11,1
157,Matt,Referral,2025-03-11 08:00:00,1,1,0,0,0,0.0,3,3
158,Jordan,Retail,2025-03-31 12:00:00,1,1,1,1,0,0.0,11,2
159,Jordan,Inbound,2025-03-02 02:00:00,1,0,0,0,0,0.0,21,1
160,Sam,Retail,2025-03-20 13:00:00,1,1,1,1,1,2499.0,14,1
161,Taylor,Retail,2025-01-11 16:00:00,1,0,0,0,0,0.0,19,0
162,Sam,Referral,2025-03-22 02:00:00,1,0,0,0,0,0.0,3,3
163,Jordan,Retail,2025-01-15 10:00:00,1,1,0,0,0,0.0,6,0
164,Jordan,Retail,2025-01-29 06:00:00,1,1,1,1,0,0.0,8,0
165,Jordan,Retail,2025-01-12 12:00:00,0,0,0,0,0,0.0,10,0
166,Taylor,Outbound,2025-02-06 03:00:00,1,1,1,0,0,0.0,24,1
167,Alex,Outbound,2025-03-09 09:00:00,0,0,0,0,0,0.0,12,0
168,Matt,Events,2025-01-25 03:00:00,1,1,1,0,0,0.0,17,0
169,Alex,Retail,2025-03-15 23:00:00,1,1,1,1,0,0.0,16,0
170,Matt,Retail,2025-02-24 13:00:00,1,1,1,1,1,3221.0,7,2
171,Matt,Retail,2025-02-26 14:00:00,1,0,0,0,0,0.0,24,0
172,Matt,Inbound,2025-03-26 11:00:00,1,1,0,0,0,0.0,7,0
173,Sam,Events,2025-02-08 20:00:00,1,1,0,0,0,0.0,2,0
174,Sam,Outbound,2025-02-01 00:00:00,1,0,0,0,0,0.0,19,2
175,Sam,Inbound,2025-03-31 12:00:00,1,1,0,0,0,0.0,17,1
176,Jordan,Retail,2025-02-20 03:00:00,0,0,0,0,0,0.0,7,0
177,Sam,Referral,2025-02-25 07:00:00,1,0,0,0,0,0.0,21,1
178,Matt,Inbound,2025-01-27 16:00:00,0,0,0,0,0,0.0,5,0
179,Taylor,Retail,2025-01-20 09:00:00,1,1,1,1,0,0.0,7,2
180,Jordan,Retail,2025-01-16 06:00:00,0,0,0,0,0,0.0,5,1
181,Taylor,Retail,2025-01-21 02:00:00,0,0,0,0,0,0.0,6,1
182,Matt,Retail,2025-01-18 13:00:00,0,0,0,0,0,0.0,18,1
183,Jordan,Retail,2025-03-09 04:00:00,0,0,0,0,0,0.0,18,2
184,Sam,Inbound,2025-01-06 05:00:00,1,1,1,0,0,0.0,16,1
185,Jordan,Inbound,2025-02-26 15:00:00,1,1,0,0,0,0.0,21,1
186,Jordan,Retail,2025-03-27 10:00:00,1,1,0,0,0,0.0,3,0
187,Matt,Retail,2025-03-10 21:00:00,0,0,0,0,0,0.0,16,1
188,Alex,Events,2025-02-06 06:00:00,0,0,0,0,0,0.0,4,0
189,Alex,Outbound,2025-01-06 08:00:00,1,1,1,0,0,0.0,23,0
190,Alex,Inbound,2025-03-17 01:00:00,0,0,0,0,0,0.0,16,0
191,Sam,Retail,2025-01-01 06:00:00,1,1,1,1,1,3939.0,15,0
192,Sam,Referral,2025-03-03 07:00:00,0,0,0,0,0,0.0,15,1
193,Sam,Retail,2025-03-02 09:00:00,0,0,0,0,0,0.0,10,0
194,Alex,Retail,2025-01-18 06:00:00,1,1,0,0,0,0.0,17,0
195,Taylor,Referral,2025-03-08 14:00:00,0,0,0,0,0,0.0,21,1
196,Matt,Inbound,2025-01-16 18:00:00,0,0,0,0,0,0.0,6,1
197,Alex,Outbound,2025-01-21 07:00:00,1,1,1,1,1,4191.0,19,0
198,Matt,Inbound,2025-03-15 01:00:00,1,1,0,0,0,0.0,18,1
199,Alex,Outbound,2025-03-30 02:00:00,1,1,1,0,0,0.0,3,0
200,Taylor,Retail,2025-01-24 19:00:00,0,0,0,0,0,0.0,23,0
201,Alex,Retail,2025-03-24 22:00:00,1,1,1,1,0,0.0,6,1
202,Taylor,Retail,2025-03-24 04:00:00,0,0,0,0,0,0.0,15,1
203,Jordan,Retail,2025-03-11 05:00:00,0,0,0,0,0,0.0,4,0
204,Sam,Referral,2025-01-13 14:00:00,1,1,1,1,0,0.0,6,2
205,Jordan,Retail,2025-01-27 22:00:00,1,0,0,0,0,0.0,16,1
206,Alex,Inbound,2025-03-02 23:00:00,0,0,0,0,0,0.0,17,0
207,Sam,Outbound,2025-03-31 22:00:00,0,0,0,0,0,0.0,17,1
208,Taylor,Outbound,2025-03-15 07:00:00,1,1,1,0,0,0.0,9,0
209,Alex,Retail,2025-02-07 19:00:00,1,1,1,1,0,0.0,20,2
210,Sam,Inbound,2025-01-22 04:00:00,1,1,1,1,1,4001.0,20,0
211,Alex,Events,2025-03-28 10:00:00,0,0,0,0,0,0.0,21,0
212,Sam,Outbound,2025-01-25 20:00:00,1,1,1,1,1,4488.0,22,0
213,Sam,Outbound,2025-01-31 19:00:00,0,0,0,0,0,0.0,16,1
214,Jordan,Referral,2025-03-28 19:00:00,1,1,1,0,0,0.0,22,1
215,Sam,Outbound,2025-02-20 13:00:00,0,0,0,0,0,0.0,7,2
216,Alex,Retail,2025-01-24 19:00:00,1,1,1,1,0,0.0,11,2
217,Matt,Inbound,2025-01-01 11:00:00,1,1,1,1,0,0.0,21,2
218,Matt,Retail,2025-02-08 16:00:00,0,0,0,0,0,0.0,21,0
219,Jordan,Outbound,2025-03-30 17:00:00,0,0,0,0,0,0.0,7,1
220,Taylor,Events,2025-02-08 22:00:00,1,1,1,1,0,0.0,13,0
221,Matt,Inbound,2025-03-04 22:00:00,1,1,1,1,0,0.0,9,0
222,Jordan,Retail,2025-01-23 18:00:00,1,0,0,0,0,0.0,13,0
223,Sam,Retail,2025-03-11 19:00:00,1,1,1,1,0,0.0,10,0
224,Alex,Events,2025-03-11 19:00:00,1,1,1,1,0,0.0,2,0
225,Sam,Retail,2025-02-24 17:00:00,0,0,0,0,0,0.0,23,1
226,Alex,Retail,2025-03-11 11:00:00,1,0,0,0,0,0.0,16,0
227,Taylor,Retail,2025-02-22 02:00:00,0,0,0,0,0,0.0,12,2
228,Jordan,Retail,2025-02-04 01:00:00,1,1,1,1,0,0.0,4,0
229,Jordan,Inbound,2025-03-08 09:00:00,1,1,1,1,0,0.0,3,1
230,Matt,Inbound,2025-03-17 03:00:00,0,0,0,0,0,0.0,13,1
231,Jordan,Retail,2025-03-17 16:00:00,1,1,0,0,0,0.0,16,1
232,Taylor,Retail,2025-01-20 04:00:00,0,0,0,0,0,0.0,7,1
233,Matt,Retail,2025-03-02 21:00:00,1,1,0,0,0,0.0,19,1
234,Sam,Retail,2025-01-01 09:00:00,0,0,0,0,0,0.0,11,1
235,Jordan,Retail,2025-02-21 11:00:00,0,0,0,0,0,0.0,2,0
236,Sam,Outbound,2025-02-21 09:00:00,0,0,0,0,0,0.0,14,0
237,Sam,Retail,2025-02-02 17:00:00,1,0,0,0,0,0.0,6,1
238,Jordan,Retail,2025-03-31 11:00:00,1,1,0,0,0,0.0,2,0
239,Alex,Retail,2025-03-21 11:00:00,1,1,1,1,1,3895.0,13,0
240,Sam,Retail,2025-01-04 11:00:00,1,1,1,1,0,0.0,8,1
241,Matt,Retail,2025-01-19 19:00:00,1,0,0,0,0,0.0,13,0
242,Jordan,Retail,2025-01-19 17:00:00,1,1,0,0,0,0.0,24,0
243,Matt,Referral,2025-03-22 18:00:00,1,0,0,0,0,0.0,7,0
244,Sam,Retail,2025-02-16 16:00:00,1,1,1,1,1,3701.0,17,2
245,Sam,Inbound,2025-03-07 14:00:00,1,1,0,0,0,0.0,6,0
246,Matt,Inbound,2025-03-14 21:00:00,1,1,1,0,0,0.0,9,1
247,Sam,Retail,2025-03-11 02:00:00,1,1,0,0,0,0.0,6,1
248,Jordan,Retail,2025-01-09 00:00:00,0,0,0,0,0,0.0,9,0
249,Sam,Outbound,2025-01-13 15:00:00,1,0,0,0,0,0.0,24,1
250,Matt,Referral,2025-02-05 13:00:00,1,1,0,0,0,0.0,10,1
251,Matt,Retail,2025-01-31 10:00:00,1,0,0,0,0,0.0,16,0
252,Jordan,Retail,2025-03-09 05:00:00,0,0,0,0,0,0.0,17,0
253,Matt,Retail,2025-01-15 01:00:00,1,1,1,1,0,0.0,4,2
254,Alex,Inbound,2025-02-03 10:00:00,0,0,0,0,0,0.0,7,0
255,Sam,Outbound,2025-01-22 07:00:00,0,0,0,0,0,0.0,11,1
256,Matt,Retail,2025-01-17 23:00:00,1,0,0,0,0,0.0,12,1
257,Sam,Retail,2025-01-16 13:00:00,0,0,0,0,0,0.0,2,0
258,Matt,Referral,2025-01-18 14:00:00,0,0,0,0,0,0.0,16,1
259,Matt,Retail,2025-02-20 19:00:00,1,1,0,0,0,0.0,8,0
260,Jordan,Inbound,2025-02-06 21:00:00,1,1,1,1,0,0.0,9,1
261,Sam,Outbound,2025-02-09 04:00:00,0,0,0,0,0,0.0,15,1
262,Matt,Retail,2025-02-13 03:00:00,0,0,0,0,0,0.0,23,1
263,Alex,Retail,2025-03-08 16:00:00,1,1,1,1,0,0.0,21,0
264,Taylor,Retail,2025-03-19 13:00:00,1,1,0,0,0,0.0,24,0
265,Taylor,Referral,2025-02-17 09:00:00,0,0,0,0,0,0.0,11,0
266,Jordan,Retail,2025-02-27 19:00:00,1,1,1,1,1,4249.0,40,0
267,Jordan,Retail,2025-03-08 11:00:00,0,0,0,0,0,0.0,6,1
268,Alex,Retail,2025-03-04 03:00:00,1,1,0,0,0,0.0,9,1
269,Sam,Retail,2025-01-13 02:00:00,0,0,0,0,0,0.0,8,0
270,Jordan,Inbound,2025-03-30 11:00:00,0,0,0,0,0,0.0,6,0
271,Alex,Retail,2025-01-15 19:00:00,0,0,0,0,0,0.0,5,0
272,Matt,Inbound,2025-02-07 01:00:00,0,0,0,0,0,0.0,6,0
273,Matt,Inbound,2025-02-28 17:00:00,0,0,0,0,0,0.0,17,2
274,Taylor,Referral,2025-02-06 07:00:00,0,0,0,0,0,0.0,13,0
275,Jordan,Retail,2025-01-22 21:00:00,0,0,0,0,0,0.0,2,0
276,Jordan,Referral,2025-03-25 02:00:00,1,0,0,0,0,0.0,14,0
277,Jordan,Inbound,2025-01-07 10:00:00,0,0,0,0,0,0.0,21,1
278,Sam,Retail,2025-01-23 03:00:00,1,1,0,0,0,0.0,11,0
279,Matt,Outbound,2025-03-31 08:00:00,0,0,0,0,0,0.0,9,1
280,Matt,Referral,2025-03-07 16:00:00,0,0,0,0,0,0.0,8,0
281,Alex,Retail,2025-01-08 19:00:00,1,1,1,0,0,0.0,10,1
282,Jordan,Referral,2025-03-09 21:00:00,1,1,1,1,0,0.0,8,0
283,Sam,Inbound,2025-03-29 06:00:00,1,1,1,0,0,0.0,23,0
284,Jordan,Inbound,2025-01-09 19:00:00,0,0,0,0,0,0.0,24,0
285,Jordan,Events,2025-02-07 06:00:00,1,1,0,0,0,0.0,9,1
286,Taylor,Retail,2025-02-12 03:00:00,1,1,1,1,0,0.0,23,1
287,Matt,Outbound,2025-01-12 18:00:00,0,0,0,0,0,0.0,21,2
288,Jordan,Retail,2025-01-19 01:00:00,0,0,0,0,0,0.0,3,2
289,Jordan,Outbound,2025-01-16 15:00:00,1,1,0,0,0,0.0,13,0
290,Jordan,Inbound,2025-01-17 16:00:00,1,1,1,1,1,3675.0,32,1
291,Taylor,Retail,2025-02-06 07:00:00,0,0,0,0,0,0.0,11,2
292,Alex,Retail,2025-02-11 17:00:00,0,0,0,0,0,0.0,12,2
293,Taylor,Retail,2025-01-22 10:00:00,0,0,0,0,0,0.0,13,0
294,Alex,Retail,2025-01-27 01:00:00,1,1,1,0,0,0.0,17,0
295,Jordan,Retail,2025-01-18 07:00:00,1,1,0,0,0,0.0,8,0
296,Jordan,Retail,2025-03-13 15:00:00,1,0,0,0,0,0.0,15,0
297,Taylor,Retail,2025-01-20 01:00:00,0,0,0,0,0,0.0,7,1
298,Jordan,Retail,2025-03-23 16:00:00,1,1,1,1,1,3449.0,21,1
299,Alex,Outbound,2025-02-18 11:00:00,1,1,1,1,0,0.0,3,1
300,Matt,Outbound,2025-03-14 05:00:00,0,0,0,0,0,0.0,3,1
301,Alex,Outbound,2025-02-27 06:00:00,0,0,0,0,0,0.0,2,1
302,Taylor,Retail,2025-01-24 22:00:00,0,0,0,0,0,0.0,10,1
303,Matt,Referral,2025-02-24 02:00:00,1,1,0,0,0,0.0,15,1
304,Taylor,Inbound,2025-01-25 16:00:00,1,0,0,0,0,0.0,24,0
305,Jordan,Retail,2025-01-11 16:00:00,1,1,1,1,1,3633.0,14,1
306,Matt,Retail,2025-01-23 22:00:00,1,1,1,1,0,0.0,6,2
307,Alex,Outbound,2025-01-25 19:00:00,1,1,1,0,0,0.0,10,0
308,Jordan,Retail,2025-01-13 03:00:00,1,1,1,1,1,3184.0,9,0
309,Alex,Inbound,2025-01-03 02:00:00,0,0,0,0,0,0.0,12,2
310,Matt,Events,2025-03-26 22:00:00,0,0,0,0,0,0.0,18,0
311,Sam,Retail,2025-02-16 04:00:00,0,0,0,0,0,0.0,2,0
312,Sam,Retail,2025-02-06 04:00:00,1,0,0,0,0,0.0,19,1
313,Matt,Events,2025-03-25 16:00:00,1,1,1,1,1,3879.0,16,0
314,Alex,Inbound,2025-01-21 05:00:00,1,1,0,0,0,0.0,17,1
315,Alex,Retail,2025-02-06 06:00:00,1,1,1,1,1,4258.0,35,0
316,Sam,Referral,2025-03-18 04:00:00,1,1,1,1,0,0.0,19,2
317,Sam,Referral,2025-02-26 21:00:00,1,1,0,0,0,0.0,17,1
318,Sam,Inbound,2025-02-05 22:00:00,0,0,0,0,0,0.0,17,1
319,Taylor,Inbound,2025-01-24 00:00:00,1,1,0,0,0,0.0,6,1
320,Sam,Retail,2025-01-04 03:00:00,0,0,0,0,0,0.0,5,2
321,Alex,Retail,2025-01-08 15:00:00,1,1,0,0,0,0.0,10,0
322,Matt,Inbound,2025-01-15 13:00:00,1,1,1,1,0,0.0,15,1
323,Sam,Retail,2025-03-12 19:00:00,1,1,1,0,0,0.0,16,1
324,Taylor,Outbound,2025-02-27 12:00:00,1,0,0,0,0,0.0,19,0
325,Taylor,Referral,2025-02-09 00:00:00,1,1,1,1,0,0.0,9,0
326,Alex,Retail,2025-03-12 11:00:00,0,0,0,0,0,0.0,21,1
327,Alex,Inbound,2025-01-15 11:00:00,1,1,1,1,1,3621.0,27,1
328,Matt,Retail,2025-01-19 23:00:00,1,0,0,0,0,0.0,7,0
329,Matt,Referral,2025-02-05 08:00:00,0,0,0,0,0,0.0,18,0
330,Jordan,Retail,2025-03-24 13:00:00,1,1,0,0,0,0.0,4,0
331,Jordan,Inbound,2025-02-25 06:00:00,0,0,0,0,0,0.0,11,1
332,Alex,Inbound,2025-03-18 14:00:00,1,1,0,0,0,0.0,19,1
333,Alex,Retail,2025-01-23 08:00:00,0,0,0,0,0,0.0,19,0
334,Taylor,Outbound,2025-03-18 08:00:00,1,1,1,1,0,0.0,7,0
335,Jordan,Outbound,2025-01-07 12:00:00,1,1,0,0,0,0.0,5,1
336,Taylor,Inbound,2025-01-21 11:00:00,0,0,0,0,0,0.0,2,1
337,Taylor,Outbound,2025-02-17 01:00:00,0,0,0,0,0,0.0,4,1
338,Alex,Events,2025-01-05 13:00:00,1,0,0,0,0,0.0,20,1
339,Alex,Retail,2025-03-19 05:00:00,0,0,0,0,0,0.0,20,1
340,Taylor,Inbound,2025-03-20 01:00:00,1,1,0,0,0,0.0,13,1
341,Sam,Retail,2025-02-18 17:00:00,1,1,1,1,1,3650.0,44,1
342,Alex,Outbound,2025-01-28 12:00:00,1,0,0,0,0,0.0,9,1
343,Sam,Inbound,2025-01-09 21:00:00,0,0,0,0,0,0.0,6,0
344,Jordan,Retail,2025-02-25 16:00:00,1,1,1,1,0,0.0,2,1
345,Taylor,Retail,2025-02-18 09:00:00,0,0,0,0,0,0.0,17,0
346,Alex,Referral,2025-03-10 09:00:00,1,1,0,0,0,0.0,2,3
347,Taylor,Retail,2025-02-24 05:00:00,0,0,0,0,0,0.0,4,0
348,Taylor,Outbound,2025-01-12 13:00:00,0,0,0,0,0,0.0,20,1
349,Matt,Retail,2025-01-11 23:00:00,1,1,1,0,0,0.0,15,1
350,Matt,Events,2025-03-12 06:00:00,1,1,0,0,0,0.0,13,2
351,Jordan,Retail,2025-01-15 07:00:00,1,1,1,0,0,0.0,7,0
352,Matt,Retail,2025-03-26 11:00:00,0,0,0,0,0,0.0,5,0
353,Alex,Referral,2025-01-10 12:00:00,1,1,1,0,0,0.0,12,0
354,Jordan,Referral,2025-03-07 13:00:00,1,1,1,0,0,0.0,10,1
355,Taylor,Retail,2025-03-29 18:00:00,1,1,0,0,0,0.0,14,0
356,Taylor,Inbound,2025-02-09 17:00:00,0,0,0,0,0,0.0,5,0
357,Matt,Outbound,2025-01-06 02:00:00,1,1,0,0,0,0.0,7,1
358,Taylor,Referral,2025-03-20 21:00:00,1,1,1,1,1,3684.0,14,0
359,Matt,Retail,2025-01-17 20:00:00,0,0,0,0,0,0.0,11,1
360,Sam,Inbound,2025-02-17 11:00:00,1,1,0,0,0,0.0,8,0
361,Taylor,Outbound,2025-03-30 14:00:00,0,0,0,0,0,0.0,7,1
362,Taylor,Outbound,2025-03-09 00:00:00,1,1,1,1,1,2684.0,44,2
363,Alex,Outbound,2025-01-05 04:00:00,1,1,1,1,0,0.0,13,0
364,Taylor,Inbound,2025-03-15 20:00:00,0,0,0,0,0,0.0,6,0
365,Matt,Retail,2025-01-15 12:00:00,0,0,0,0,0,0.0,18,0
366,Jordan,Referral,2025-03-09 10:00:00,0,0,0,0,0,0.0,9,0
367,Jordan,Referral,2025-02-25 21:00:00,1,1,1,1,0,0.0,9,0
368,Alex,Outbound,2025-01-26 21:00:00,1,1,1,0,0,0.0,12,1
369,Matt,Retail,2025-02-08 02:00:00,1,1,1,0,0,0.0,5,0
370,Sam,Retail,2025-01-11 14:00:00,1,1,1,1,1,2986.0,21,2
371,Alex,Outbound,2025-03-30 19:00:00,1,0,0,0,0,0.0,15,2
372,Sam,Retail,2025-01-22 10:00:00,1,1,1,0,0,0.0,4,0
373,Jordan,Events,2025-01-28 18:00:00,1,0,0,0,0,0.0,14,2
374,Alex,Retail,2025-02-15 06:00:00,1,1,1,1,1,4262.0,19,1
375,Taylor,Outbound,2025-03-02 12:00:00,1,1,1,0,0,0.0,15,0
376,Matt,Referral,2025-02-15 11:00:00,1,1,1,0,0,0.0,2,1
377,Sam,Retail,2025-02-15 11:00:00,0,0,0,0,0,0.0,6,1
378,Sam,Retail,2025-02-22 10:00:00,0,0,0,0,0,0.0,10,1
379,Alex,Inbound,2025-03-19 04:00:00,1,1,0,0,0,0.0,16,1
380,Alex,Inbound,2025-02-05 13:00:00,0,0,0,0,0,0.0,18,1
381,Matt,Retail,2025-03-16 21:00:00,0,0,0,0,0,0.0,12,1
382,Taylor,Inbound,2025-03-12 19:00:00,1,0,0,0,0,0.0,5,0
383,Taylor,Referral,2025-03-28 11:00:00,1,0,0,0,0,0.0,10,0
384,Alex,Inbound,2025-03-24 04:00:00,1,1,1,1,1,3230.0,32,0
385,Matt,Retail,2025-03-13 20:00:00,1,1,0,0,0,0.0,4,0
386,Matt,Retail,2025-01-23 04:00:00,0,0,0,0,0,0.0,18,2
387,Matt,Retail,2025-03-11 16:00:00,0,0,0,0,0,0.0,10,2
388,Taylor,Retail,2025-03-08 06:00:00,1,0,0,0,0,0.0,2,0
389,Taylor,Retail,2025-01-27 01:00:00,0,0,0,0,0,0.0,17,0
390,Matt,Outbound,2025-03-03 00:00:00,1,1,1,0,0,0.0,2,1
391,Sam,Retail,2025-01-23 18:00:00,0,0,0,0,0,0.0,10,0
392,Matt,Events,2025-02-17 01:00:00,0,0,0,0,0,0.0,6,1
393,Alex,Retail,2025-03-13 16:00:00,1,0,0,0,0,0.0,15,1
394,Jordan,Retail,2025-01-17 23:00:00,1,1,1,1,0,0.0,3,5
395,Sam,Outbound,2025-01-31 07:00:00,0,0,0,0,0,0.0,4,2
396,Taylor,Referral,2025-03-13 13:00:00,0,0,0,0,0,0.0,14,0
397,Matt,Retail,2025-02-10 20:00:00,1,1,1,1,1,3335.0,37,0
398,Matt,Retail,2025-03-28 10:00:00,1,1,0,0,0,0.0,2,1
399,Alex,Retail,2025-01-01 17:00:00,1,1,1,0,0,0.0,12,0
400,Alex,Inbound,2025-03-06 23:00:00,0,0,0,0,0,0.0,20,0
401,Taylor,Inbound,2025-03-15 06:00:00,0,0,0,0,0,0.0,8,1
402,Sam,Retail,2025-03-24 14:00:00,0,0,0,0,0,0.0,13,1
403,Alex,Retail,2025-01-15 02:00:00,0,0,0,0,0,0.0,21,0
404,Taylor,Inbound,2025-03-30 13:00:00,0,0,0,0,0,0.0,18,0
405,Jordan,Events,2025-02-05 07:00:00,0,0,0,0,0,0.0,8,2
406,Jordan,Outbound,2025-02-01 16:00:00,1,0,0,0,0,0.0,19,0
407,Jordan,Inbound,2025-02-01 23:00:00,0,0,0,0,0,0.0,17,0
408,Matt,Retail,2025-02-27 10:00:00,1,1,1,1,0,0.0,13,0
409,Taylor,Retail,2025-03-01 08:00:00,1,1,0,0,0,0.0,12,1
410,Matt,Retail,2025-02-12 15:00:00,0,0,0,0,0,0.0,23,1
411,Matt,Outbound,2025-01-07 09:00:00,0,0,0,0,0,0.0,22,0
412,Alex,Referral,2025-03-30 19:00:00,0,0,0,0,0,0.0,24,0
413,Alex,Referral,2025-01-20 23:00:00,1,1,0,0,0,0.0,17,0
414,Matt,Events,2025-01-09 10:00:00,1,1,1,1,1,4489.0,13,0
415,Matt,Events,2025-02-23 18:00:00,1,1,1,0,0,0.0,4,0
416,Sam,Events,2025-02-07 02:00:00,1,1,0,0,0,0.0,4,0
417,Taylor,Retail,2025-02-25 09:00:00,1,1,1,1,0,0.0,23,1
418,Matt,Retail,2025-03-20 19:00:00,1,1,1,0,0,0.0,10,0
419,Alex,Retail,2025-01-09 18:00:00,1,1,1,1,1,3920.0,12,0
420,Jordan,Inbound,2025-01-26 13:00:00,0,0,0,0,0,0.0,7,3
421,Taylor,Retail,2025-02-16 11:00:00,1,0,0,0,0,0.0,2,1
422,Sam,Referral,2025-03-12 21:00:00,1,1,1,1,0,0.0,14,2
423,Sam,Inbound,2025-02-24 01:00:00,0,0,0,0,0,0.0,15,0
424,Jordan,Inbound,2025-02-04 10:00:00,1,1,1,1,1,2628.0,42,0
425,Jordan,Retail,2025-02-24 21:00:00,0,0,0,0,0,0.0,19,0
426,Matt,Retail,2025-03-30 04:00:00,0,0,0,0,0,0.0,13,1
427,Taylor,Retail,2025-02-13 04:00:00,1,1,1,0,0,0.0,24,2
428,Taylor,Referral,2025-03-21 12:00:00,0,0,0,0,0,0.0,19,0
429,Matt,Inbound,2025-03-12 04:00:00,0,0,0,0,0,0.0,3,1
430,Sam,Outbound,2025-01-28 02:00:00,0,0,0,0,0,0.0,8,0
431,Matt,Retail,2025-01-23 10:00:00,0,0,0,0,0,0.0,19,0
432,Sam,Retail,2025-03-11 07:00:00,0,0,0,0,0,0.0,14,2
433,Taylor,Retail,2025-01-19 16:00:00,0,0,0,0,0,0.0,19,0
434,Matt,Outbound,2025-01-31 07:00:00,1,1,1,1,1,3565.0,26,1
435,Jordan,Outbound,2025-01-22 04:00:00,0,0,0,0,0,0.0,2,0
436,Matt,Retail,2025-02-24 13:00:00,0,0,0,0,0,0.0,20,1
437,Jordan,Referral,2025-01-27 11:00:00,0,0,0,0,0,0.0,20,0
438,Taylor,Retail,2025-03-01 06:00:00,0,0,0,0,0,0.0,16,1
439,Matt,Referral,2025-03-26 03:00:00,1,1,1,0,0,0.0,11,0
440,Alex,Retail,2025-03-16 15:00:00,0,0,0,0,0,0.0,2,0
441,Taylor,Retail,2025-03-27 07:00:00,0,0,0,0,0,0.0,18,1
442,Alex,Referral,2025-01-03 04:00:00,1,1,1,0,0,0.0,17,2
443,Matt,Retail,2025-02-10 23:00:00,1,1,0,0,0,0.0,17,2
444,Jordan,Retail,2025-01-20 19:00:00,1,1,0,0,0,0.0,5,2
445,Jordan,Retail,2025-03-24 14:00:00,1,0,0,0,0,0.0,18,0
446,Sam,Retail,2025-03-06 01:00:00,0,0,0,0,0,0.0,18,1
447,Alex,Outbound,2025-01-29 19:00:00,1,1,1,0,0,0.0,21,1
448,Taylor,Referral,2025-02-20 17:00:00,1,1,1,1,0,0.0,15,0
449,Jordan,Referral,2025-02-24 11:00:00,0,0,0,0,0,0.0,18,0
450,Alex,Retail,2025-02-14 14:00:00,0,0,0,0,0,0.0,11,1
451,Taylor,Inbound,2025-02-12 16:00:00,0,0,0,0,0,0.0,18,1
452,Taylor,Retail,2025-01-05 23:00:00,0,0,0,0,0,0.0,17,0
453,Jordan,Retail,2025-02-10 17:00:00,0,0,0,0,0,0.0,19,0
454,Matt,Retail,2025-02-01 08:00:00,0,0,0,0,0,0.0,21,0
455,Jordan,Referral,2025-03-15 15:00:00,0,0,0,0,0,0.0,2,1
456,Jordan,Referral,2025-03-19 20:00:00,1,1,1,1,1,4624.0,21,0
457,Matt,Outbound,2025-03-09 12:00:00,0,0,0,0,0,0.0,20,0
458,Sam,Inbound,2025-01-03 18:00:00,1,0,0,0,0,0.0,14,1
459,Taylor,Inbound,2025-03-17 17:00:00,1,1,1,1,0,0.0,13,0
460,Matt,Inbound,2025-02-05 16:00:00,1,1,0,0,0,0.0,18,1
461,Sam,Inbound,2025-02-07 11:00:00,0,0,0,0,0,0.0,12,0
462,Matt,Retail,2025-03-27 01:00:00,0,0,0,0,0,0.0,11,1
463,Sam,Retail,2025-03-20 01:00:00,1,1,1,1,1,4446.0,37,1
464,Jordan,Retail,2025-01-05 13:00:00,0,0,0,0,0,0.0,20,0
465,Matt,Events,2025-02-02 09:00:00,1,1,1,1,0,0.0,6,1
466,Taylor,Inbound,2025-03-09 11:00:00,0,0,0,0,0,0.0,21,0
467,Matt,Events,2025-02-18 11:00:00,0,0,0,0,0,0.0,9,1
468,Jordan,Retail,2025-01-24 04:00:00,0,0,0,0,0,0.0,5,0
469,Matt,Inbound,2025-02-17 05:00:00,0,0,0,0,0,0.0,22,0
470,Taylor,Retail,2025-03-19 23:00:00,1,0,0,0,0,0.0,7,1
471,Sam,Retail,2025-01-21 02:00:00,1,1,0,0,0,0.0,6,0
472,Taylor,Retail,2025-03-09 03:00:00,0,0,0,0,0,0.0,8,0
473,Jordan,Retail,2025-03-08 03:00:00,0,0,0,0,0,0.0,13,0
474,Jordan,Referral,2025-03-21 17:00:00,1,1,1,1,0,0.0,5,0
475,Sam,Retail,2025-01-27 19:00:00,1,1,1,0,0,0.0,5,1
476,Sam,Inbound,2025-01-20 10:00:00,1,1,1,1,0,0.0,11,0
477,Taylor,Inbound,2025-02-19 06:00:00,1,0,0,0,0,0.0,7,0
478,Matt,Retail,2025-02-17 19:00:00,1,0,0,0,0,0.0,6,0
479,Sam,Inbound,2025-02-06 20:00:00,1,0,0,0,0,0.0,22,0
480,Matt,Retail,2025-03-12 03:00:00,0,0,0,0,0,0.0,15,1
481,Alex,Events,2025-03-13 21:00:00,1,1,1,1,1,1867.0,8,1
482,Taylor,Outbound,2025-01-23 02:00:00,1,1,1,1,0,0.0,4,2
483,Alex,Outbound,2025-03-13 14:00:00,1,0,0,0,0,0.0,20,0
484,Sam,Inbound,2025-01-21 18:00:00,1,1,1,1,1,2729.0,38,1
485,Jordan,Retail,2025-02-06 16:00:00,0,0,0,0,0,0.0,5,0
486,Alex,Referral,2025-01-03 10:00:00,1,1,1,0,0,0.0,17,1
487,Alex,Retail,2025-01-31 15:00:00,0,0,0,0,0,0.0,21,1
488,Jordan,Retail,2025-03-28 06:00:00,0,0,0,0,0,0.0,11,0
489,Sam,Retail,2025-02-09 19:00:00,1,1,1,1,0,0.0,19,0
490,Sam,Outbound,2025-03-05 21:00:00,0,0,0,0,0,0.0,11,0
491,Taylor,Inbound,2025-01-10 17:00:00,0,0,0,0,0,0.0,4,3
492,Taylor,Outbound,2025-02-27 04:00:00,1,1,0,0,0,0.0,20,0
493,Sam,Outbound,2025-02-03 10:00:00,1,0,0,0,0,0.0,23,0
494,Sam,Retail,2025-03-08 23:00:00,0,0,0,0,0,0.0,24,0
495,Alex,Referral,2025-03-25 12:00:00,0,0,0,0,0,0.0,4,1
496,Jordan,Retail,2025-02-17 20:00:00,1,0,0,0,0,0.0,14,0
497,Matt,Inbound,2025-01-10 06:00:00,0,0,0,0,0,0.0,16,0
498,Alex,Retail,2025-02-12 20:00:00,1,1,1,1,0,0.0,3,1
499,Taylor,Events,2025-01-12 01:00:00,0,0,0,0,0,0.0,23,1
500,Jordan,Retail,2025-02-10 10:00:00,1,0,0,0,0,0.0,4,1
501,Matt,Retail,2025-01-06 12:00:00,1,1,1,1,1,3092.0,21,0
502,Sam,Inbound,2025-02-27 15:00:00,0,0,0,0,0,0.0,24,0
503,Taylor,Retail,2025-01-28 22:00:00,0,0,0,0,0,0.0,14,2
504,Taylor,Retail,2025-01-19 03:00:00,0,0,0,0,0,0.0,17,0
505,Alex,Inbound,2025-01-02 13:00:00,1,1,1,0,0,0.0,13,0
506,Jordan,Retail,2025-03-21 22:00:00,1,1,1,1,0,0.0,19,1
507,Jordan,Referral,2025-03-17 08:00:00,0,0,0,0,0,0.0,3,1
508,Alex,Retail,2025-03-15 01:00:00,0,0,0,0,0,0.0,17,0
509,Alex,Outbound,2025-01-06 05:00:00,1,1,0,0,0,0.0,3,0
510,Alex,Inbound,2025-02-01 11:00:00,0,0,0,0,0,0.0,6,0
511,Taylor,Outbound,2025-03-29 10:00:00,1,0,0,0,0,0.0,13,0
512,Sam,Inbound,2025-02-22 01:00:00,1,1,1,1,0,0.0,12,1
513,Taylor,Inbound,2025-01-12 13:00:00,1,0,0,0,0,0.0,5,0
514,Taylor,Events,2025-01-13 16:00:00,1,0,0,0,0,0.0,20,0
515,Taylor,Retail,2025-01-24 16:00:00,1,0,0,0,0,0.0,8,0
516,Matt,Retail,2025-03-29 12:00:00,0,0,0,0,0,0.0,21,1
517,Taylor,Outbound,2025-01-16 06:00:00,1,1,1,1,1,3547.0,37,0
518,Matt,Referral,2025-03-23 06:00:00,1,1,1,1,1,4001.0,19,0
519,Jordan,Retail,2025-03-03 00:00:00,1,1,0,0,0,0.0,8,0
520,Jordan,Retail,2025-03-24 23:00:00,1,1,1,1,0,0.0,15,0
521,Alex,Referral,2025-03-16 08:00:00,1,1,1,1,1,3186.0,9,0
522,Matt,Outbound,2025-01-30 21:00:00,0,0,0,0,0,0.0,5,1
523,Matt,Events,2025-03-16 12:00:00,1,1,0,0,0,0.0,15,0
524,Taylor,Inbound,2025-01-16 05:00:00,0,0,0,0,0,0.0,24,0
525,Alex,Outbound,2025-01-27 04:00:00,0,0,0,0,0,0.0,5,1
526,Alex,Retail,2025-01-20 01:00:00,1,1,1,0,0,0.0,7,1
527,Taylor,Referral,2025-01-12 23:00:00,0,0,0,0,0,0.0,13,1
528,Matt,Retail,2025-01-09 02:00:00,0,0,0,0,0,0.0,18,0
529,Taylor,Outbound,2025-01-17 20:00:00,0,0,0,0,0,0.0,5,0
530,Taylor,Retail,2025-01-11 19:00:00,0,0,0,0,0,0.0,7,0
531,Jordan,Inbound,2025-02-04 05:00:00,0,0,0,0,0,0.0,7,2
532,Matt,Outbound,2025-01-07 10:00:00,0,0,0,0,0,0.0,16,0
533,Matt,Inbound,2025-01-06 12:00:00,0,0,0,0,0,0.0,3,0
534,Alex,Referral,2025-03-31 02:00:00,1,1,1,1,0,0.0,17,0
535,Jordan,Retail,2025-01-08 21:00:00,0,0,0,0,0,0.0,11,1
536,Matt,Inbound,2025-01-07 15:00:00,0,0,0,0,0,0.0,9,0
537,Jordan,Retail,2025-01-03 17:00:00,0,0,0,0,0,0.0,21,2
538,Matt,Retail,2025-01-12 22:00:00,1,1,0,0,0,0.0,20,0
539,Jordan,Retail,2025-02-17 12:00:00,1,1,1,1,0,0.0,20,1
540,Matt,Retail,2025-03-16 10:00:00,1,1,1,1,1,3103.0,35,0
541,Sam,Retail,2025-03-08 03:00:00,1,0,0,0,0,0.0,7,0
542,Matt,Outbound,2025-02-22 05:00:00,1,1,1,1,0,0.0,21,1
543,Matt,Outbound,2025-01-08 15:00:00,1,0,0,0,0,0.0,6,1
544,Matt,Outbound,2025-03-11 16:00:00,1,1,1,1,0,0.0,9,2
545,Taylor,Retail,2025-01-04 08:00:00,1,1,1,1,0,0.0,14,0
546,Matt,Retail,2025-02-26 18:00:00,1,1,1,1,1,2258.0,7,0
547,Jordan,Retail,2025-02-06 20:00:00,0,0,0,0,0,0.0,15,1
548,Jordan,Outbound,2025-03-21 09:00:00,1,0,0,0,0,0.0,14,1
549,Jordan,Referral,2025-01-28 16:00:00,1,1,0,0,0,0.0,10,0
550,Sam,Retail,2025-02-27 11:00:00,1,0,0,0,0,0.0,15,1
551,Taylor,Outbound,2025-02-09 14:00:00,1,0,0,0,0,0.0,12,1
552,Alex,Retail,2025-02-16 23:00:00,1,1,1,1,0,0.0,12,2
553,Taylor,Retail,2025-03-26 11:00:00,0,0,0,0,0,0.0,15,0
554,Alex,Retail,2025-03-06 03:00:00,0,0,0,0,0,0.0,15,0
555,Taylor,Retail,2025-02-07 07:00:00,1,1,1,0,0,0.0,9,1
556,Jordan,Outbound,2025-02-10 06:00:00,0,0,0,0,0,0.0,5,0
557,Sam,Referral,2025-03-05 09:00:00,1,1,0,0,0,0.0,8,1
558,Taylor,Retail,2025-02-01 03:00:00,1,0,0,0,0,0.0,11,0
559,Sam,Inbound,2025-01-16 02:00:00,1,1,1,0,0,0.0,5,1
560,Taylor,Outbound,2025-02-12 02:00:00,1,1,0,0,0,0.0,6,0
561,Jordan,Events,2025-01-07 03:00:00,0,0,0,0,0,0.0,23,2
562,Matt,Inbound,2025-01-16 06:00:00,0,0,0,0,0,0.0,8,1
563,Jordan,Retail,2025-02-07 20:00:00,0,0,0,0,0,0.0,18,0
564,Matt,Inbound,2025-03-13 16:00:00,1,1,0,0,0,0.0,4,1
565,Taylor,Retail,2025-03-12 07:00:00,0,0,0,0,0,0.0,24,0
566,Alex,Events,2025-01-24 11:00:00,1,0,0,0,0,0.0,6,1
567,Alex,Retail,2025-02-07 23:00:00,1,0,0,0,0,0.0,11,0
568,Alex,Outbound,2025-01-14 19:00:00,1,1,1,1,0,0.0,19,0
569,Sam,Retail,2025-03-09 23:00:00,0,0,0,0,0,0.0,6,1
570,Jordan,Retail,2025-01-23 04:00:00,0,0,0,0,0,0.0,14,1
571,Taylor,Referral,2025-03-13 22:00:00,1,1,1,1,1,4317.0,24,1
572,Jordan,Inbound,2025-03-17 18:00:00,0,0,0,0,0,0.0,2,0
573,Alex,Retail,2025-03-04 00:00:00,0,0,0,0,0,0.0,2,0
574,Matt,Referral,2025-01-30 17:00:00,0,0,0,0,0,0.0,20,1
575,Matt,Referral,2025-03-27 18:00:00,1,1,0,0,0,0.0,8,1
576,Alex,Retail,2025-03-03 17:00:00,0,0,0,0,0,0.0,22,0
577,Taylor,Inbound,2025-02-28 03:00:00,0,0,0,0,0,0.0,23,2
578,Jordan,Inbound,2025-03-19 01:00:00,0,0,0,0,0,0.0,22,1
579,Taylor,Inbound,2025-03-21 07:00:00,1,1,1,0,0,0.0,24,1
580,Matt,Retail,2025-01-07 23:00:00,0,0,0,0,0,0.0,20,0
581,Matt,Retail,2025-03-21 08:00:00,1,1,1,0,0,0.0,10,0
582,Taylor,Referral,2025-03-10 20:00:00,0,0,0,0,0,0.0,24,0
583,Matt,Referral,2025-01-19 14:00:00,1,1,0,0,0,0.0,9,0
584,Matt,Referral,2025-01-28 16:00:00,1,1,0,0,0,0.0,15,0
585,Jordan,Events,2025-03-09 17:00:00,1,0,0,0,0,0.0,2,1
586,Taylor,Outbound,2025-01-20 11:00:00,1,0,0,0,0,0.0,24,0
587,Sam,Outbound,2025-02-10 17:00:00,1,1,1,1,0,0.0,15,0
588,Matt,Outbound,2025-03-04 00:00:00,1,1,0,0,0,0.0,23,1
589,Taylor,Inbound,2025-02-28 13:00:00,1,1,1,1,1,2311.0,26,0
590,Taylor,Inbound,2025-03-23 21:00:00,1,1,0,0,0,0.0,9,1
591,Taylor,Retail,2025-01-11 00:00:00,0,0,0,0,0,0.0,14,1
592,Taylor,Inbound,2025-01-27 13:00:00,0,0,0,0,0,0.0,21,1
593,Alex,Retail,2025-03-30 15:00:00,0,0,0,0,0,0.0,14,2
594,Taylor,Retail,2025-02-21 04:00:00,1,1,1,1,1,3693.0,40,0
595,Alex,Inbound,2025-01-23 09:00:00,1,1,1,1,1,3366.0,35,0
596,Taylor,Retail,2025-01-27 02:00:00,0,0,0,0,0,0.0,19,0
597,Jordan,Retail,2025-01-31 12:00:00,1,0,0,0,0,0.0,18,2
598,Sam,Outbound,2025-02-19 21:00:00,1,0,0,0,0,0.0,22,3
599,Sam,Referral,2025-01-26 14:00:00,0,0,0,0,0,0.0,3,0
600,Sam,Retail,2025-02-25 23:00:00,0,0,0,0,0,0.0,10,0
601,Sam,Retail,2025-02-10 01:00:00,1,1,1,1,0,0.0,4,0
602,Sam,Retail,2025-02-24 22:00:00,0,0,0,0,0,0.0,11,0
603,Sam,Outbound,2025-01-14 23:00:00,1,1,0,0,0,0.0,19,0
604,Matt,Referral,2025-02-26 02:00:00,0,0,0,0,0,0.0,16,0
605,Taylor,Retail,2025-03-25 05:00:00,1,0,0,0,0,0.0,19,0
606,Jordan,Outbound,2025-01-13 03:00:00,1,1,1,1,0,0.0,18,0
607,Alex,Retail,2025-01-30 11:00:00,0,0,0,0,0,0.0,24,0
608,Jordan,Retail,2025-03-04 10:00:00,1,1,1,1,0,0.0,22,0
609,Taylor,Events,2025-02-25 13:00:00,0,0,0,0,0,0.0,15,0
610,Taylor,Retail,2025-03-02 17:00:00,1,1,0,0,0,0.0,22,1
611,Taylor,Retail,2025-02-20 08:00:00,0,0,0,0,0,0.0,3,0
612,Jordan,Retail,2025-03-03 10:00:00,0,0,0,0,0,0.0,18,0
613,Sam,Inbound,2025-02-24 20:00:00,1,1,1,1,0,0.0,14,0
614,Alex,Referral,2025-01-07 15:00:00,0,0,0,0,0,0.0,24,0
615,Sam,Events,2025-03-09 14:00:00,1,1,1,1,1,3118.0,31,0
616,Sam,Retail,2025-02-10 05:00:00,1,1,1,1,0,0.0,6,1
617,Alex,Retail,2025-01-05 15:00:00,1,1,1,1,0,0.0,18,0
618,Alex,Outbound,2025-02-06 19:00:00,0,0,0,0,0,0.0,23,1
619,Matt,Retail,2025-02-09 03:00:00,0,0,0,0,0,0.0,2,0
620,Matt,Referral,2025-01-08 19:00:00,0,0,0,0,0,0.0,3,0
621,Jordan,Outbound,2025-03-31 15:00:00,0,0,0,0,0,0.0,17,1
622,Jordan,Retail,2025-01-21 00:00:00,0,0,0,0,0,0.0,14,1
623,Matt,Referral,2025-01-30 18:00:00,1,1,1,1,0,0.0,14,0
624,Jordan,Retail,2025-02-09 16:00:00,0,0,0,0,0,0.0,4,1
625,Sam,Retail,2025-03-16 22:00:00,0,0,0,0,0,0.0,15,0
626,Alex,Inbound,2025-03-08 20:00:00,1,1,1,1,1,4187.0,29,0
627,Alex,Inbound,2025-03-11 09:00:00,0,0,0,0,0,0.0,21,1
628,Alex,Outbound,2025-01-22 08:00:00,1,1,1,0,0,0.0,10,0
629,Jordan,Outbound,2025-03-18 02:00:00,1,1,1,1,0,0.0,10,1
630,Alex,Events,2025-03-16 16:00:00,1,1,1,1,1,4823.0,33,2
631,Sam,Events,2025-02-11 17:00:00,1,1,1,1,1,2982.0,18,1
632,Alex,Inbound,2025-02-19 02:00:00,1,0,0,0,0,0.0,16,0
633,Jordan,Retail,2025-01-04 08:00:00,0,0,0,0,0,0.0,8,3
634,Alex,Outbound,2025-03-10 10:00:00,0,0,0,0,0,0.0,18,0
635,Matt,Events,2025-03-28 11:00:00,1,1,1,1,1,3361.0,10,0
636,Sam,Retail,2025-02-12 12:00:00,1,1,1,0,0,0.0,6,0
637,Alex,Inbound,2025-02-18 15:00:00,1,0,0,0,0,0.0,15,0
638,Alex,Retail,2025-02-14 22:00:00,1,1,1,0,0,0.0,17,1
639,Sam,Retail,2025-01-08 10:00:00,0,0,0,0,0,0.0,2,0
640,Taylor,Outbound,2025-02-25 18:00:00,1,1,1,1,0,0.0,6,0
641,Sam,Retail,2025-03-06 22:00:00,0,0,0,0,0,0.0,11,1
642,Taylor,Outbound,2025-03-25 12:00:00,0,0,0,0,0,0.0,5,2
643,Taylor,Referral,2025-03-25 16:00:00,0,0,0,0,0,0.0,10,0
644,Jordan,Outbound,2025-02-14 06:00:00,0,0,0,0,0,0.0,5,1
645,Sam,Retail,2025-03-28 07:00:00,1,1,1,1,1,3839.0,42,1
646,Alex,Retail,2025-02-17 13:00:00,0,0,0,0,0,0.0,15,0
647,Jordan,Outbound,2025-02-27 18:00:00,0,0,0,0,0,0.0,9,0
648,Jordan,Outbound,2025-02-24 04:00:00,0,0,0,0,0,0.0,19,3
649,Taylor,Inbound,2025-03-31 21:00:00,0,0,0,0,0,0.0,2,1
650,Taylor,Referral,2025-03-08 09:00:00,0,0,0,0,0,0.0,15,1
651,Jordan,Retail,2025-01-11 19:00:00,0,0,0,0,0,0.0,17,0
652,Sam,Referral,2025-01-07 11:00:00,1,1,0,0,0,0.0,20,1
653,Alex,Retail,2025-02-06 21:00:00,0,0,0,0,0,0.0,7,0
654,Taylor,Retail,2025-02-16 09:00:00,0,0,0,0,0,0.0,15,0
655,Jordan,Inbound,2025-03-02 04:00:00,1,1,1,1,0,0.0,19,1
656,Jordan,Retail,2025-02-13 08:00:00,0,0,0,0,0,0.0,20,1
657,Sam,Retail,2025-02-16 07:00:00,1,1,0,0,0,0.0,6,1
658,Sam,Retail,2025-03-24 22:00:00,0,0,0,0,0,0.0,24,0
659,Matt,Retail,2025-01-31 03:00:00,1,0,0,0,0,0.0,8,1
660,Alex,Outbound,2025-02-14 09:00:00,1,1,1,0,0,0.0,10,0
661,Matt,Retail,2025-02-20 03:00:00,0,0,0,0,0,0.0,6,0
662,Sam,Outbound,2025-02-12 03:00:00,1,0,0,0,0,0.0,5,0
663,Matt,Outbound,2025-03-29 03:00:00,1,0,0,0,0,0.0,7,2
664,Alex,Retail,2025-03-28 14:00:00,1,1,1,1,1,2301.0,37,2
665,Jordan,Retail,2025-02-16 04:00:00,1,1,1,1,0,0.0,18,0
666,Sam,Referral,2025-02-10 13:00:00,0,0,0,0,0,0.0,15,1
667,Jordan,Outbound,2025-02-23 00:00:00,0,0,0,0,0,0.0,10,0
668,Taylor,Inbound,2025-01-17 06:00:00,1,1,1,0,0,0.0,14,2
669,Taylor,Outbound,2025-02-08 08:00:00,0,0,0,0,0,0.0,15,0
670,Matt,Retail,2025-01-20 12:00:00,1,1,1,0,0,0.0,6,1
671,Taylor,Retail,2025-01-13 23:00:00,0,0,0,0,0,0.0,8,0
672,Sam,Outbound,2025-01-09 13:00:00,1,1,1,0,0,0.0,22,4
673,Sam,Retail,2025-02-22 20:00:00,1,1,1,1,0,0.0,2,0
674,Matt,Outbound,2025-01-01 01:00:00,1,1,1,1,0,0.0,24,0
675,Sam,Inbound,2025-02-28 03:00:00,0,0,0,0,0,0.0,24,2
676,Sam,Outbound,2025-02-08 21:00:00,1,0,0,0,0,0.0,7,0
677,Jordan,Inbound,2025-02-02 23:00:00,1,1,1,1,0,0.0,9,0
678,Matt,Retail,2025-03-11 05:00:00,0,0,0,0,0,0.0,6,0
679,Jordan,Retail,2025-02-18 11:00:00,0,0,0,0,0,0.0,14,1
680,Taylor,Retail,2025-03-08 00:00:00,1,1,0,0,0,0.0,6,0
681,Sam,Outbound,2025-03-05 20:00:00,0,0,0,0,0,0.0,20,1
682,Matt,Retail,2025-01-03 21:00:00,0,0,0,0,0,0.0,10,0
683,Taylor,Retail,2025-01-20 09:00:00,1,1,0,0,0,0.0,24,0
684,Taylor,Retail,2025-02-21 07:00:00,0,0,0,0,0,0.0,21,0
685,Matt,Retail,2025-03-29 19:00:00,1,1,0,0,0,0.0,11,0
686,Taylor,Outbound,2025-01-14 21:00:00,0,0,0,0,0,0.0,15,0
687,Jordan,Retail,2025-01-10 12:00:00,1,1,1,1,1,3642.0,21,0
688,Jordan,Events,2025-03-26 16:00:00,0,0,0,0,0,0.0,3,0
689,Jordan,Retail,2025-03-29 00:00:00,1,1,0,0,0,0.0,13,0
690,Sam,Outbound,2025-01-16 01:00:00,1,1,0,0,0,0.0,12,0
691,Taylor,Retail,2025-02-06 03:00:00,0,0,0,0,0,0.0,11,1
692,Sam,Retail,2025-02-26 09:00:00,1,1,1,1,0,0.0,4,0
693,Taylor,Referral,2025-01-18 13:00:00,0,0,0,0,0,0.0,21,1
694,Taylor,Events,2025-01-30 08:00:00,0,0,0,0,0,0.0,11,0
695,Matt,Referral,2025-02-05 13:00:00,0,0,0,0,0,0.0,12,1
696,Alex,Retail,2025-02-27 17:00:00,1,1,1,1,0,0.0,11,0
697,Sam,Retail,2025-01-28 17:00:00,0,0,0,0,0,0.0,13,1
698,Jordan,Outbound,2025-02-07 02:00:00,1,1,1,0,0,0.0,16,0
699,Matt,Retail,2025-01-27 01:00:00,1,1,1,0,0,0.0,19,0
700,Matt,Outbound,2025-03-10 08:00:00,0,0,0,0,0,0.0,14,0
701,Jordan,Inbound,2025-01-14 18:00:00,0,0,0,0,0,0.0,5,1
702,Sam,Inbound,2025-01-21 18:00:00,1,1,1,1,1,4035.0,27,0
703,Matt,Outbound,2025-01-23 11:00:00,1,1,1,1,1,5047.0,17,0
704,Matt,Outbound,2025-03-23 12:00:00,0,0,0,0,0,0.0,2,1
705,Matt,Retail,2025-03-27 00:00:00,0,0,0,0,0,0.0,2,0
706,Jordan,Retail,2025-02-15 00:00:00,1,1,1,1,0,0.0,19,0
707,Matt,Inbound,2025-01-15 01:00:00,0,0,0,0,0,0.0,10,1
708,Jordan,Inbound,2025-03-10 01:00:00,1,1,1,0,0,0.0,2,1
709,Jordan,Retail,2025-02-14 06:00:00,1,1,1,1,1,3908.0,27,0
710,Jordan,Retail,2025-03-18 11:00:00,0,0,0,0,0,0.0,8,0
711,Sam,Outbound,2025-02-02 09:00:00,0,0,0,0,0,0.0,24,0
712,Jordan,Outbound,2025-03-31 21:00:00,1,1,1,1,1,2328.0,34,0
713,Sam,Inbound,2025-03-14 15:00:00,1,0,0,0,0,0.0,3,1
714,Sam,Retail,2025-01-21 03:00:00,1,1,0,0,0,0.0,17,1
715,Taylor,Retail,2025-03-07 07:00:00,0,0,0,0,0,0.0,15,1
716,Sam,Inbound,2025-01-26 19:00:00,1,0,0,0,0,0.0,5,0
717,Jordan,Retail,2025-02-01 11:00:00,1,1,1,0,0,0.0,9,0
718,Jordan,Inbound,2025-01-23 12:00:00,0,0,0,0,0,0.0,13,4
719,Alex,Outbound,2025-03-03 09:00:00,1,0,0,0,0,0.0,5,0
720,Jordan,Retail,2025-01-24 15:00:00,0,0,0,0,0,0.0,18,0
721,Matt,Retail,2025-02-27 11:00:00,1,1,1,0,0,0.0,8,1
722,Taylor,Retail,2025-02-22 10:00:00,0,0,0,0,0,0.0,23,0
723,Taylor,Referral,2025-03-09 13:00:00,1,0,0,0,0,0.0,20,1
724,Matt,Inbound,2025-03-31 10:00:00,1,1,1,0,0,0.0,16,1
725,Sam,Retail,2025-01-01 19:00:00,1,0,0,0,0,0.0,4,2
726,Matt,Referral,2025-03-31 03:00:00,0,0,0,0,0,0.0,2,0
727,Sam,Inbound,2025-01-10 20:00:00,0,0,0,0,0,0.0,5,0
728,Matt,Inbound,2025-02-17 09:00:00,1,1,1,1,0,0.0,13,0
729,Jordan,Referral,2025-01-31 16:00:00,1,1,1,0,0,0.0,19,0
730,Sam,Retail,2025-02-27 12:00:00,0,0,0,0,0,0.0,5,1
731,Sam,Retail,2025-03-06 22:00:00,1,0,0,0,0,0.0,18,0
732,Jordan,Inbound,2025-03-19 09:00:00,1,0,0,0,0,0.0,3,0
733,Taylor,Retail,2025-02-06 04:00:00,0,0,0,0,0,0.0,8,1
734,Sam,Outbound,2025-03-25 23:00:00,1,1,1,0,0,0.0,15,0
735,Alex,Retail,2025-01-30 00:00:00,1,1,0,0,0,0.0,21,0
736,Sam,Retail,2025-01-19 08:00:00,1,0,0,0,0,0.0,19,0
737,Sam,Retail,2025-02-04 02:00:00,1,1,1,1,0,0.0,14,1
738,Alex,Retail,2025-02-17 13:00:00,1,1,1,0,0,0.0,2,1
739,Sam,Retail,2025-03-02 03:00:00,0,0,0,0,0,0.0,8,1
740,Taylor,Retail,2025-03-16 22:00:00,0,0,0,0,0,0.0,20,1
741,Taylor,Referral,2025-01-21 05:00:00,1,1,1,0,0,0.0,3,0
742,Sam,Retail,2025-01-28 06:00:00,0,0,0,0,0,0.0,18,1
743,Sam,Retail,2025-03-26 11:00:00,1,0,0,0,0,0.0,18,0
744,Alex,Retail,2025-02-09 13:00:00,0,0,0,0,0,0.0,19,0
745,Sam,Retail,2025-01-22 17:00:00,1,1,1,0,0,0.0,6,0
746,Alex,Retail,2025-03-30 16:00:00,0,0,0,0,0,0.0,7,0
747,Jordan,Inbound,2025-02-10 09:00:00,1,1,1,1,1,3908.0,22,0
748,Alex,Retail,2025-03-30 15:00:00,1,0,0,0,0,0.0,11,0
749,Alex,Referral,2025-03-24 17:00:00,1,1,0,0,0,0.0,14,0
750,Matt,Referral,2025-03-23 13:00:00,1,1,1,0,0,0.0,4,1
751,Taylor,Retail,2025-02-22 08:00:00,1,1,1,1,0,0.0,15,1
752,Matt,Retail,2025-03-13 20:00:00,0,0,0,0,0,0.0,7,0
753,Matt,Retail,2025-03-28 10:00:00,0,0,0,0,0,0.0,14,0
754,Taylor,Inbound,2025-01-25 05:00:00,1,1,1,0,0,0.0,8,2
755,Jordan,Retail,2025-01-04 09:00:00,0,0,0,0,0,0.0,23,1
756,Jordan,Referral,2025-01-29 21:00:00,0,0,0,0,0,0.0,9,1
757,Sam,Outbound,2025-02-27 07:00:00,0,0,0,0,0,0.0,22,1
758,Alex,Outbound,2025-02-19 06:00:00,0,0,0,0,0,0.0,6,0
759,Matt,Inbound,2025-01-08 06:00:00,0,0,0,0,0,0.0,3,0
760,Sam,Events,2025-02-20 11:00:00,1,1,0,0,0,0.0,6,0
761,Matt,Retail,2025-01-16 16:00:00,0,0,0,0,0,0.0,11,1
762,Jordan,Retail,2025-02-15 11:00:00,0,0,0,0,0,0.0,22,0
763,Taylor,Retail,2025-02-21 19:00:00,1,1,0,0,0,0.0,6,1
764,Taylor,Referral,2025-02-27 07:00:00,1,1,1,0,0,0.0,20,1
765,Alex,Inbound,2025-02-07 03:00:00,1,1,1,1,0,0.0,18,0
766,Sam,Outbound,2025-02-06 17:00:00,0,0,0,0,0,0.0,9,0
767,Sam,Retail,2025-03-03 01:00:00,1,1,1,1,1,3122.0,33,0
768,Jordan,Events,2025-03-09 10:00:00,0,0,0,0,0,0.0,23,0
769,Matt,Inbound,2025-03-14 16:00:00,0,0,0,0,0,0.0,18,0
770,Alex,Inbound,2025-01-31 00:00:00,0,0,0,0,0,0.0,7,0
771,Sam,Events,2025-02-08 04:00:00,1,0,0,0,0,0.0,22,0
772,Taylor,Retail,2025-01-30 18:00:00,0,0,0,0,0,0.0,11,1
773,Matt,Retail,2025-02-17 11:00:00,0,0,0,0,0,0.0,3,0
774,Sam,Inbound,2025-01-12 10:00:00,1,0,0,0,0,0.0,20,0
775,Taylor,Retail,2025-02-08 16:00:00,0,0,0,0,0,0.0,21,4
776,Taylor,Retail,2025-01-17 23:00:00,1,1,1,1,0,0.0,12,1
777,Jordan,Retail,2025-02-17 21:00:00,0,0,0,0,0,0.0,18,1
778,Matt,Retail,2025-03-18 13:00:00,1,1,1,1,0,0.0,7,0
779,Alex,Referral,2025-03-30 16:00:00,1,1,1,0,0,0.0,21,3
780,Taylor,Inbound,2025-02-10 03:00:00,1,0,0,0,0,0.0,10,0
781,Taylor,Retail,2025-01-06 01:00:00,1,1,1,0,0,0.0,8,0
782,Sam,Retail,2025-01-21 12:00:00,1,0,0,0,0,0.0,13,0
783,Matt,Retail,2025-01-10 10:00:00,0,0,0,0,0,0.0,8,0
784,Matt,Inbound,2025-03-10 08:00:00,1,1,1,0,0,0.0,16,0
785,Jordan,Referral,2025-03-30 14:00:00,1,1,0,0,0,0.0,19,1
786,Jordan,Referral,2025-02-19 20:00:00,0,0,0,0,0,0.0,11,2
787,Matt,Retail,2025-01-16 21:00:00,0,0,0,0,0,0.0,20,0
788,Sam,Retail,2025-01-02 21:00:00,1,1,0,0,0,0.0,11,0
789,Jordan,Inbound,2025-03-29 20:00:00,0,0,0,0,0,0.0,24,0
790,Matt,Inbound,2025-01-29 11:00:00,1,1,1,1,1,4694.0,38,1
791,Matt,Inbound,2025-01-11 01:00:00,0,0,0,0,0,0.0,18,0
792,Jordan,Outbound,2025-01-16 22:00:00,1,1,1,0,0,0.0,14,3
793,Sam,Inbound,2025-01-23 23:00:00,0,0,0,0,0,0.0,23,1
794,Taylor,Retail,2025-03-01 00:00:00,0,0,0,0,0,0.0,7,0
795,Jordan,Retail,2025-03-22 06:00:00,0,0,0,0,0,0.0,6,2
796,Alex,Retail,2025-01-25 18:00:00,0,0,0,0,0,0.0,21,0
797,Taylor,Retail,2025-03-03 20:00:00,0,0,0,0,0,0.0,22,0
798,Jordan,Retail,2025-01-06 20:00:00,1,1,1,0,0,0.0,19,2
799,Alex,Outbound,2025-01-01 21:00:00,0,0,0,0,0,0.0,12,0
800,Jordan,Retail,2025-01-05 22:00:00,0,0,0,0,0,0.0,11,1
801,Matt,Retail,2025-03-25 01:00:00,0,0,0,0,0,0.0,17,0
802,Alex,Inbound,2025-02-22 08:00:00,1,1,1,1,1,3330.0,39,2
803,Jordan,Outbound,2025-03-14 11:00:00,1,1,1,0,0,0.0,8,1
804,Taylor,Retail,2025-01-02 22:00:00,0,0,0,0,0,0.0,2,1
805,Sam,Outbound,2025-01-03 00:00:00,1,1,0,0,0,0.0,3,1
806,Sam,Referral,2025-03-18 09:00:00,1,1,0,0,0,0.0,9,0
807,Jordan,Inbound,2025-01-10 05:00:00,1,1,1,0,0,0.0,17,1
808,Matt,Outbound,2025-01-14 23:00:00,0,0,0,0,0,0.0,12,0
809,Alex,Retail,2025-02-16 16:00:00,1,0,0,0,0,0.0,16,0
810,Taylor,Referral,2025-02-24 14:00:00,1,1,1,0,0,0.0,12,2
811,Matt,Retail,2025-01-21 14:00:00,1,1,1,1,0,0.0,7,1
812,Taylor,Referral,2025-02-10 00:00:00,0,0,0,0,0,0.0,19,0
813,Sam,Inbound,2025-03-02 17:00:00,0,0,0,0,0,0.0,18,1
814,Alex,Retail,2025-02-09 20:00:00,1,1,0,0,0,0.0,24,1
815,Sam,Retail,2025-02-04 10:00:00,1,1,1,1,0,0.0,20,0
816,Taylor,Outbound,2025-01-07 11:00:00,0,0,0,0,0,0.0,10,1
817,Matt,Inbound,2025-02-10 16:00:00,1,1,1,1,1,2759.0,28,0
818,Matt,Retail,2025-03-14 05:00:00,0,0,0,0,0,0.0,10,0
819,Sam,Outbound,2025-02-26 09:00:00,1,1,1,1,0,0.0,22,0
820,Taylor,Referral,2025-03-22 08:00:00,0,0,0,0,0,0.0,16,0
821,Matt,Inbound,2025-01-12 08:00:00,1,1,0,0,0,0.0,21,1
822,Sam,Inbound,2025-01-01 23:00:00,0,0,0,0,0,0.0,8,1
823,Matt,Retail,2025-02-19 08:00:00,1,1,1,0,0,0.0,2,0
824,Sam,Outbound,2025-01-17 01:00:00,0,0,0,0,0,0.0,5,0
825,Sam,Retail,2025-02-23 11:00:00,0,0,0,0,0,0.0,14,2
826,Matt,Referral,2025-03-23 08:00:00,0,0,0,0,0,0.0,24,0
827,Sam,Retail,2025-01-31 08:00:00,1,1,1,0,0,0.0,16,2
828,Taylor,Inbound,2025-02-19 10:00:00,1,1,1,1,1,4070.0,35,0
829,Taylor,Retail,2025-03-03 08:00:00,0,0,0,0,0,0.0,12,1
830,Matt,Retail,2025-01-14 12:00:00,0,0,0,0,0,0.0,24,1
831,Alex,Outbound,2025-03-22 18:00:00,1,1,1,0,0,0.0,23,1
832,Alex,Inbound,2025-01-19 06:00:00,1,1,1,1,1,3530.0,22,1
833,Jordan,Inbound,2025-03-14 17:00:00,1,1,1,1,0,0.0,21,0
834,Matt,Events,2025-03-01 09:00:00,0,0,0,0,0,0.0,2,1
835,Taylor,Events,2025-01-13 16:00:00,0,0,0,0,0,0.0,15,0
836,Sam,Referral,2025-03-07 05:00:00,0,0,0,0,0,0.0,12,1
837,Taylor,Retail,2025-01-18 16:00:00,0,0,0,0,0,0.0,8,1
838,Matt,Inbound,2025-02-23 22:00:00,1,1,1,1,1,3012.0,13,2
839,Matt,Referral,2025-03-28 08:00:00,1,1,1,1,1,4467.0,34,0
840,Taylor,Retail,2025-03-27 18:00:00,1,1,1,1,1,3380.0,36,1
841,Alex,Retail,2025-03-20 09:00:00,0,0,0,0,0,0.0,5,0
842,Sam,Outbound,2025-02-14 11:00:00,1,1,1,1,1,4333.0,18,1
843,Taylor,Inbound,2025-02-20 08:00:00,1,1,1,1,1,5428.0,7,0
844,Matt,Inbound,2025-01-28 00:00:00,1,1,1,1,0,0.0,3,1
845,Matt,Events,2025-03-24 21:00:00,1,0,0,0,0,0.0,8,0
846,Matt,Inbound,2025-02-12 22:00:00,0,0,0,0,0,0.0,19,0
847,Matt,Retail,2025-03-11 10:00:00,1,1,1,0,0,0.0,22,0
848,Matt,Retail,2025-02-02 08:00:00,1,1,1,1,0,0.0,20,2
849,Taylor,Retail,2025-03-08 15:00:00,0,0,0,0,0,0.0,13,0
850,Sam,Retail,2025-01-21 04:00:00,1,1,0,0,0,0.0,17,0
851,Taylor,Outbound,2025-03-08 00:00:00,1,1,1,0,0,0.0,23,0
852,Taylor,Referral,2025-01-05 03:00:00,1,1,0,0,0,0.0,3,1
853,Taylor,Retail,2025-01-10 10:00:00,0,0,0,0,0,0.0,22,0
854,Alex,Retail,2025-02-01 16:00:00,1,1,1,1,0,0.0,18,2
855,Alex,Referral,2025-02-13 09:00:00,0,0,0,0,0,0.0,10,1
856,Taylor,Retail,2025-03-06 00:00:00,0,0,0,0,0,0.0,12,0
857,Alex,Inbound,2025-02-02 07:00:00,0,0,0,0,0,0.0,12,0
858,Matt,Inbound,2025-01-02 15:00:00,1,1,1,1,0,0.0,5,2
859,Sam,Outbound,2025-01-30 06:00:00,0,0,0,0,0,0.0,7,1
860,Taylor,Retail,2025-02-09 12:00:00,1,1,1,1,0,0.0,8,0
861,Taylor,Outbound,2025-02-18 22:00:00,1,1,1,1,0,0.0,2,0
862,Taylor,Retail,2025-02-27 23:00:00,1,1,0,0,0,0.0,13,0
863,Matt,Inbound,2025-01-23 06:00:00,1,1,1,1,0,0.0,12,3
864,Sam,Retail,2025-02-24 22:00:00,1,1,0,0,0,0.0,9,0
865,Taylor,Inbound,2025-02-26 20:00:00,1,0,0,0,0,0.0,6,1
866,Sam,Inbound,2025-03-11 21:00:00,1,1,1,1,0,0.0,24,0
867,Taylor,Retail,2025-02-16 23:00:00,1,1,1,0,0,0.0,17,1
868,Taylor,Retail,2025-03-14 22:00:00,0,0,0,0,0,0.0,12,1
869,Jordan,Retail,2025-01-20 22:00:00,0,0,0,0,0,0.0,18,0
870,Matt,Retail,2025-03-06 01:00:00,1,1,1,1,0,0.0,10,0
871,Jordan,Retail,2025-01-05 03:00:00,0,0,0,0,0,0.0,6,0
872,Alex,Referral,2025-01-10 06:00:00,1,1,1,1,0,0.0,17,0
873,Matt,Retail,2025-03-19 19:00:00,1,1,1,1,0,0.0,19,0
874,Matt,Outbound,2025-02-12 18:00:00,1,1,1,1,0,0.0,16,1
875,Sam,Events,2025-02-25 21:00:00,1,0,0,0,0,0.0,15,0
876,Jordan,Retail,2025-02-24 07:00:00,1,1,1,1,0,0.0,2,0
877,Jordan,Outbound,2025-03-04 12:00:00,1,1,1,1,0,0.0,16,1
878,Sam,Referral,2025-01-23 02:00:00,1,0,0,0,0,0.0,16,0
879,Jordan,Inbound,2025-01-17 01:00:00,1,1,1,0,0,0.0,11,0
880,Sam,Retail,2025-01-04 19:00:00,1,1,1,1,0,0.0,7,0
881,Matt,Retail,2025-03-19 19:00:00,1,1,1,1,0,0.0,24,1
882,Taylor,Retail,2025-01-21 02:00:00,1,0,0,0,0,0.0,10,0
883,Jordan,Inbound,2025-02-21 18:00:00,1,1,1,0,0,0.0,8,1
884,Matt,Events,2025-02-10 22:00:00,1,1,1,0,0,0.0,18,1
885,Taylor,Events,2025-01-15 14:00:00,1,0,0,0,0,0.0,13,1
886,Sam,Retail,2025-02-07 06:00:00,1,1,0,0,0,0.0,14,0
887,Matt,Outbound,2025-01-08 11:00:00,1,0,0,0,0,0.0,16,0
888,Matt,Retail,2025-01-16 21:00:00,0,0,0,0,0,0.0,10,1
889,Matt,Referral,2025-01-13 13:00:00,1,0,0,0,0,0.0,5,2
890,Alex,Retail,2025-03-16 04:00:00,1,1,0,0,0,0.0,5,0
891,Matt,Referral,2025-02-21 01:00:00,1,1,1,0,0,0.0,23,0
892,Sam,Referral,2025-03-25 07:00:00,0,0,0,0,0,0.0,13,2
893,Jordan,Retail,2025-02-09 05:00:00,0,0,0,0,0,0.0,11,0
894,Taylor,Retail,2025-01-19 02:00:00,0,0,0,0,0,0.0,9,1
895,Sam,Referral,2025-02-24 18:00:00,0,0,0,0,0,0.0,18,0
896,Sam,Retail,2025-03-25 15:00:00,1,1,1,0,0,0.0,22,0
897,Jordan,Inbound,2025-02-17 22:00:00,0,0,0,0,0,0.0,19,0
898,Matt,Referral,2025-01-02 14:00:00,1,1,1,0,0,0.0,14,2
899,Matt,Inbound,2025-01-28 07:00:00,0,0,0,0,0,0.0,12,0
900,Sam,Retail,2025-03-25 05:00:00,1,1,0,0,0,0.0,21,1
901,Matt,Retail,2025-02-16 15:00:00,1,1,1,0,0,0.0,21,0
902,Matt,Retail,2025-03-27 16:00:00,0,0,0,0,0,0.0,10,0
903,Alex,Events,2025-02-15 20:00:00,1,1,1,1,1,2524.0,37,2
904,Taylor,Retail,2025-01-02 02:00:00,0,0,0,0,0,0.0,21,0
905,Jordan,Retail,2025-03-20 13:00:00,1,1,0,0,0,0.0,21,1
906,Sam,Retail,2025-03-10 16:00:00,0,0,0,0,0,0.0,3,1
907,Jordan,Events,2025-03-06 08:00:00,0,0,0,0,0,0.0,4,0
908,Matt,Retail,2025-03-29 07:00:00,1,0,0,0,0,0.0,8,0
909,Alex,Referral,2025-01-18 15:00:00,0,0,0,0,0,0.0,19,0
910,Matt,Outbound,2025-03-23 12:00:00,0,0,0,0,0,0.0,3,0
911,Sam,Referral,2025-01-21 22:00:00,0,0,0,0,0,0.0,3,1
912,Matt,Events,2025-03-29 08:00:00,1,1,1,1,1,3477.0,37,1
913,Alex,Referral,2025-01-18 05:00:00,1,0,0,0,0,0.0,6,0
914,Taylor,Referral,2025-02-19 12:00:00,0,0,0,0,0,0.0,23,0
915,Jordan,Retail,2025-03-13 00:00:00,1,1,1,1,1,4011.0,9,0
916,Jordan,Outbound,2025-01-08 00:00:00,1,1,0,0,0,0.0,18,0
917,Jordan,Inbound,2025-01-07 00:00:00,1,1,0,0,0,0.0,8,2
918,Sam,Inbound,2025-03-18 11:00:00,0,0,0,0,0,0.0,16,1
919,Alex,Referral,2025-01-06 10:00:00,1,1,0,0,0,0.0,19,0
920,Sam,Events,2025-02-25 05:00:00,0,0,0,0,0,0.0,14,1
921,Taylor,Outbound,2025-03-26 10:00:00,0,0,0,0,0,0.0,21,0
922,Jordan,Inbound,2025-02-25 07:00:00,1,0,0,0,0,0.0,15,2
923,Jordan,Inbound,2025-02-13 06:00:00,1,1,1,0,0,0.0,9,0
924,Matt,Retail,2025-02-07 13:00:00,0,0,0,0,0,0.0,16,1
925,Alex,Retail,2025-02-27 10:00:00,1,1,1,1,0,0.0,23,2
926,Taylor,Retail,2025-02-21 11:00:00,0,0,0,0,0,0.0,21,1
927,Jordan,Retail,2025-02-15 03:00:00,0,0,0,0,0,0.0,13,1
928,Alex,Retail,2025-01-14 19:00:00,0,0,0,0,0,0.0,15,0
929,Jordan,Outbound,2025-03-01 15:00:00,1,1,0,0,0,0.0,24,0
930,Jordan,Retail,2025-03-08 13:00:00,0,0,0,0,0,0.0,19,1
931,Jordan,Referral,2025-03-05 19:00:00,0,0,0,0,0,0.0,13,1
932,Sam,Inbound,2025-01-07 18:00:00,1,1,1,1,1,3013.0,42,0
933,Alex,Retail,2025-03-05 06:00:00,0,0,0,0,0,0.0,22,0
934,Sam,Retail,2025-03-07 16:00:00,0,0,0,0,0,0.0,24,1
935,Jordan,Retail,2025-01-17 12:00:00,0,0,0,0,0,0.0,3,1
936,Taylor,Events,2025-03-18 09:00:00,1,1,1,1,1,2979.0,37,0
937,Matt,Retail,2025-02-17 03:00:00,1,1,1,1,1,3931.0,11,1
938,Matt,Inbound,2025-02-12 12:00:00,1,1,0,0,0,0.0,10,0
939,Jordan,Referral,2025-03-07 01:00:00,1,1,1,0,0,0.0,5,1
940,Jordan,Events,2025-02-15 21:00:00,1,1,1,0,0,0.0,22,3
941,Sam,Retail,2025-02-19 00:00:00,0,0,0,0,0,0.0,23,0
942,Jordan,Retail,2025-01-29 02:00:00,1,1,1,1,0,0.0,6,1
943,Taylor,Retail,2025-03-25 12:00:00,0,0,0,0,0,0.0,21,2
944,Jordan,Retail,2025-03-29 06:00:00,1,1,0,0,0,0.0,5,0
945,Matt,Retail,2025-01-12 17:00:00,1,1,1,1,0,0.0,20,1
946,Matt,Inbound,2025-03-07 23:00:00,1,0,0,0,0,0.0,10,0
947,Taylor,Referral,2025-01-03 02:00:00,1,1,1,1,1,4453.0,41,1
948,Matt,Inbound,2025-02-03 05:00:00,0,0,0,0,0,0.0,11,0
949,Taylor,Inbound,2025-03-29 07:00:00,0,0,0,0,0,0.0,20,1
950,Alex,Retail,2025-01-16 17:00:00,0,0,0,0,0,0.0,23,0
951,Matt,Outbound,2025-02-03 22:00:00,1,1,1,1,0,0.0,4,2
952,Alex,Inbound,2025-01-20 18:00:00,0,0,0,0,0,0.0,21,0
953,Sam,Referral,2025-03-07 12:00:00,1,0,0,0,0,0.0,8,1
954,Jordan,Referral,2025-02-11 18:00:00,0,0,0,0,0,0.0,12,1
955,Sam,Retail,2025-02-23 09:00:00,1,1,1,1,1,3329.0,8,0
956,Sam,Retail,2025-03-26 19:00:00,1,1,1,1,0,0.0,24,1
957,Jordan,Retail,2025-02-16 21:00:00,1,0,0,0,0,0.0,20,1
958,Sam,Retail,2025-03-08 01:00:00,1,0,0,0,0,0.0,16,1
959,Taylor,Referral,2025-01-09 19:00:00,1,1,1,0,0,0.0,18,2
960,Jordan,Retail,2025-01-20 08:00:00,0,0,0,0,0,0.0,22,0
961,Matt,Outbound,2025-03-27 05:00:00,0,0,0,0,0,0.0,5,2
962,Jordan,Inbound,2025-03-19 08:00:00,0,0,0,0,0,0.0,7,0
963,Taylor,Retail,2025-03-01 02:00:00,1,1,1,1,0,0.0,2,1
964,Alex,Retail,2025-02-04 00:00:00,0,0,0,0,0,0.0,13,1
965,Taylor,Outbound,2025-01-18 23:00:00,1,1,1,0,0,0.0,13,0
966,Jordan,Outbound,2025-03-18 15:00:00,1,1,1,1,0,0.0,2,1
967,Sam,Retail,2025-03-12 16:00:00,1,1,1,0,0,0.0,17,1
968,Alex,Retail,2025-01-22 18:00:00,1,1,1,1,0,0.0,2,0
969,Taylor,Outbound,2025-02-23 02:00:00,0,0,0,0,0,0.0,20,0
970,Matt,Retail,2025-02-25 16:00:00,1,1,1,0,0,0.0,18,0
971,Alex,Referral,2025-02-12 23:00:00,1,0,0,0,0,0.0,20,2
972,Jordan,Retail,2025-03-25 09:00:00,0,0,0,0,0,0.0,4,0
973,Jordan,Retail,2025-01-12 04:00:00,1,1,1,1,0,0.0,22,0
974,Jordan,Inbound,2025-01-24 05:00:00,0,0,0,0,0,0.0,14,0
975,Matt,Inbound,2025-01-09 13:00:00,1,1,1,0,0,0.0,21,1
976,Alex,Inbound,2025-03-04 08:00:00,0,0,0,0,0,0.0,18,0
977,Matt,Retail,2025-02-27 23:00:00,0,0,0,0,0,0.0,17,0
978,Jordan,Events,2025-03-30 20:00:00,0,0,0,0,0,0.0,2,0
979,Alex,Inbound,2025-02-18 19:00:00,0,0,0,0,0,0.0,17,1
980,Jordan,Inbound,2025-01-14 13:00:00,0,0,0,0,0,0.0,12,1
981,Jordan,Retail,2025-02-10 13:00:00,0,0,0,0,0,0.0,21,1
982,Sam,Retail,2025-01-08 22:00:00,1,1,1,1,1,3603.0,27,1
983,Jordan,Inbound,2025-03-02 09:00:00,1,1,1,0,0,0.0,3,0
984,Sam,Retail,2025-03-02 16:00:00,0,0,0,0,0,0.0,22,1
985,Jordan,Inbound,2025-03-19 04:00:00,1,1,1,0,0,0.0,3,0
986,Sam,Retail,2025-01-31 13:00:00,1,1,1,1,1,2622.0,43,0
987,Sam,Events,2025-01-28 21:00:00,1,1,1,1,0,0.0,6,0
988,Alex,Inbound,2025-01-07 09:00:00,1,1,1,1,0,0.0,24,2
989,Alex,Referral,2025-02-07 08:00:00,1,0,0,0,0,0.0,5,2
990,Sam,Inbound,2025-02-12 18:00:00,0,0,0,0,0,0.0,21,0
991,Alex,Retail,2025-03-09 21:00:00,0,0,0,0,0,0.0,7,0
992,Jordan,Outbound,2025-03-09 20:00:00,0,0,0,0,0,0.0,16,3
993,Matt,Inbound,2025-01-13 14:00:00,1,1,0,0,0,0.0,4,0
994,Jordan,Outbound,2025-01-26 15:00:00,1,1,1,0,0,0.0,11,1
995,Jordan,Retail,2025-02-16 00:00:00,0,0,0,0,0,0.0,16,1
996,Sam,Inbound,2025-01-31 03:00:00,1,1,1,1,1,3638.0,27,0
997,Jordan,Referral,2025-01-03 07:00:00,0,0,0,0,0,0.0,22,2
998,Alex,Inbound,2025-03-18 02:00:00,1,1,1,0,0,0.0,20,0
999,Taylor,Retail,2025-03-07 19:00:00,0,0,0,0,0,0.0,13,0
1000,Jordan,Outbound,2025-02-16 19:00:00,1,1,1,0,0,0.0,8,1
