lead_id,owner,source,created_at,appt_set,appt_show,qualified,proposal,closed_won,deal_size,cycle_days,tasks_overdue,last_touch_days
1,Taylor,Outbound,2025-03-12 00:00:00,0,0,0,0,0,0.0,7,2,20
2,Matt,Retail,2025-03-02 11:00:00,1,1,1,0,0,0.0,10,1,10
3,Alex,Referral,2025-03-25 16:00:00,0,0,0,0,0,0.0,18,2,3
4,Jordan,Outbound,2025-03-28 10:00:00,0,0,0,0,0,0.0,24,0,14
5,Sam,Retail,2025-03-05 10:00:00,1,1,1,1,0,0.0,13,0,14
6,Matt,Events,2025-02-03 09:00:00,0,0,0,0,0,0.0,11,1,4
7,Jordan,Outbound,2025-02-23 21:00:00,1,1,1,0,0,0.0,10,1,15
8,Matt,Outbound,2025-02-08 06:00:00,1,1,1,0,0,0.0,5,0,1
9,Sam,Retail,2025-02-26 14:00:00,1,1,1,0,0,0.0,3,1,6
10,Sam,Inbound,2025-03-15 02:00:00,0,0,0,0,0,0.0,21,0,17
11,Jordan,Retail,2025-02-03 05:00:00,1,1,1,1,1,3032.0,34,0,12
12,Alex,Referral,2025-02-15 12:00:00,1,0,0,0,0,0.0,20,0,12
13,Matt,Inbound,2025-01-05 02:00:00,1,1,0,0,0,0.0,7,0,13
14,Taylor,Outbound,2025-03-08 06:00:00,1,1,1,0,0,0.0,17,0,3
15,Sam,Retail,2025-02-14 02:00:00,1,1,1,1,0,0.0,23,1,20
16,Alex,Retail,2025-02-11 08:00:00,1,1,1,1,0,0.0,19,0,6
17,Jordan,Inbound,2025-02-17 22:00:00,1,0,0,0,0,0.0,18,0,16
18,Sam,Retail,2025-01-20 09:00:00,1,1,1,1,1,3205.0,29,0,20
19,Sam,Outbound,2025-02-23 19:00:00,0,0,0,0,0,0.0,15,1,5
20,Jordan,Inbound,2025-03-09 01:00:00,1,1,0,0,0,0.0,16,0,13
21,Alex,Outbound,2025-02-01 11:00:00,0,0,0,0,0,0.0,11,1,0
22,Sam,Retail,2025-01-12 19:00:00,1,1,1,0,0,0.0,2,3,13
23,Sam,Events,2025-02-04 19:00:00,1,1,1,0,0,0.0,22,1,9
24,Jordan,Referral,2025-01-18 20:00:00,1,1,0,0,0,0.0,6,3,1
25,Matt,Outbound,2025-02-03 15:00:00,1,1,0,0,0,0.0,24,1,14
26,Jordan,Retail,2025-02-26 09:00:00,1,1,0,0,0,0.0,23,1,20
27,Sam,Inbound,2025-01-11 04:00:00,0,0,0,0,0,0.0,2,1,1
28,Taylor,Retail,2025-03-09 06:00:00,1,0,0,0,0,0.0,19,0,18
29,Jordan,Retail,2025-01-21 05:00:00,1,1,1,1,1,3510.0,33,0,17
30,Alex,Outbound,2025-03-22 12:00:00,0,0,0,0,0,0.0,7,0,11
31,Jordan,Outbound,2025-03-07 22:00:00,1,1,1,1,0,0.0,20,1,18
32,Matt,Events,2025-01-25 12:00:00,1,1,1,0,0,0.0,4,1,6
33,Matt,Retail,2025-02-20 16:00:00,1,1,1,1,0,0.0,7,2,15
34,Sam,Retail,2025-01-10 23:00:00,1,1,1,1,0,0.0,23,0,14
35,Taylor,Inbound,2025-01-09 23:00:00,1,0,0,0,0,0.0,19,0,12
36,Taylor,Retail,2025-03-28 01:00:00,0,0,0,0,0,0.0,4,0,17
37,Jordan,Retail,2025-03-14 05:00:00,0,0,0,0,0,0.0,5,0,18
38,Matt,Inbound,2025-01-14 21:00:00,1,1,0,0,0,0.0,7,0,16
39,Taylor,Retail,2025-01-26 10:00:00,0,0,0,0,0,0.0,3,0,12
40,Jordan,Outbound,2025-01-18 18:00:00,0,0,0,0,0,0.0,6,0,20
41,Alex,Retail,2025-02-05 13:00:00,1,1,1,1,0,0.0,15,0,11
42,Taylor,Referral,2025-01-27 05:00:00,0,0,0,0,0,0.0,2,1,13
43,Sam,Outbound,2025-01-30 12:00:00,0,0,0,0,0,0.0,8,0,3
44,Sam,Retail,2025-02-17 15:00:00,0,0,0,0,0,0.0,9,1,6
45,Alex,Referral,2025-01-18 00:00:00,0,0,0,0,0,0.0,24,0,18
46,Taylor,Outbound,2025-03-21 10:00:00,1,0,0,0,0,0.0,24,0,10
47,Jordan,Retail,2025-03-07 11:00:00,1,1,1,1,0,0.0,21,0,10
48,Jordan,Retail,2025-03-10 10:00:00,1,1,1,0,0,0.0,9,1,17
49,Sam,Outbound,2025-01-16 06:00:00,1,0,0,0,0,0.0,14,0,6
50,Sam,Retail,2025-03-05 17:00:00,1,1,0,0,0,0.0,13,1,5
51,Matt,Retail,2025-03-17 06:00:00,0,0,0,0,0,0.0,21,0,0
52,Alex,Retail,2025-01-16 18:00:00,1,1,1,1,0,0.0,19,0,4
53,Alex,Outbound,2025-03-09 14:00:00,1,1,1,1,1,3609.0,15,0,10
54,Taylor,Outbound,2025-02-02 04:00:00,0,0,0,0,0,0.0,14,1,15
55,Sam,Outbound,2025-03-12 21:00:00,1,1,0,0,0,0.0,23,1,6
56,Alex,Outbound,2025-02-13 01:00:00,1,1,0,0,0,0.0,19,0,9
57,Sam,Inbound,2025-03-14 04:00:00,0,0,0,0,0,0.0,18,1,4
58,Sam,Inbound,2025-01-14 06:00:00,1,1,0,0,0,0.0,17,1,17
59,Alex,Retail,2025-02-05 00:00:00,1,1,1,1,1,3646.0,41,0,11
60,Jordan,Retail,2025-01-25 14:00:00,1,1,0,0,0,0.0,15,0,3
61,Taylor,Outbound,2025-01-23 08:00:00,0,0,0,0,0,0.0,10,0,12
62,Jordan,Inbound,2025-01-28 17:00:00,1,1,0,0,0,0.0,16,1,7
63,Matt,Inbound,2025-02-04 10:00:00,1,1,1,1,0,0.0,7,1,18
64,Sam,Outbound,2025-01-12 10:00:00,1,0,0,0,0,0.0,20,1,5
65,Jordan,Inbound,2025-03-05 15:00:00,1,1,1,0,0,0.0,15,2,18
66,Jordan,Inbound,2025-02-19 12:00:00,0,0,0,0,0,0.0,18,2,14
67,Sam,Inbound,2025-03-16 15:00:00,1,1,1,1,0,0.0,7,1,2
68,Taylor,Retail,2025-03-05 10:00:00,0,0,0,0,0,0.0,20,1,15
69,Alex,Retail,2025-01-14 09:00:00,1,1,0,0,0,0.0,20,1,15
70,Jordan,Retail,2025-01-07 07:00:00,1,1,1,1,0,0.0,5,1,9
71,Matt,Retail,2025-02-08 01:00:00,0,0,0,0,0,0.0,10,1,3
72,Sam,Retail,2025-02-13 07:00:00,1,0,0,0,0,0.0,17,1,10
73,Jordan,Referral,2025-01-22 14:00:00,1,0,0,0,0,0.0,22,0,12
74,Alex,Retail,2025-03-12 09:00:00,0,0,0,0,0,0.0,18,0,2
75,Sam,Retail,2025-02-22 08:00:00,1,0,0,0,0,0.0,12,1,7
76,Jordan,Retail,2025-03-09 07:00:00,1,0,0,0,0,0.0,8,1,14
77,Jordan,Retail,2025-01-10 19:00:00,0,0,0,0,0,0.0,22,1,11
78,Jordan,Outbound,2025-03-15 08:00:00,1,1,1,1,0,0.0,22,0,20
79,Alex,Inbound,2025-01-19 13:00:00,1,1,1,1,0,0.0,22,0,4
80,Matt,Outbound,2025-02-10 08:00:00,1,1,1,0,0,0.0,9,0,16
81,Taylor,Outbound,2025-02-09 13:00:00,1,1,1,1,0,0.0,12,0,8
82,Matt,Retail,2025-03-15 20:00:00,1,1,1,1,0,0.0,7,0,4
83,Alex,Outbound,2025-01-25 21:00:00,0,0,0,0,0,0.0,23,0,19
84,Sam,Retail,2025-01-22 16:00:00,1,1,1,1,0,0.0,21,1,13
85,Matt,Retail,2025-01-31 13:00:00,0,0,0,0,0,0.0,5,1,11
86,Sam,Retail,2025-02-02 11:00:00,1,1,0,0,0,0.0,7,0,6
87,Sam,Outbound,2025-01-17 08:00:00,1,1,1,0,0,0.0,14,0,18
88,Sam,Inbound,2025-01-16 20:00:00,1,1,1,1,0,0.0,11,0,0
89,Alex,Retail,2025-01-21 19:00:00,0,0,0,0,0,0.0,12,0,2
90,Matt,Inbound,2025-02-12 01:00:00,1,0,0,0,0,0.0,10,2,3
91,Taylor,Retail,2025-01-31 21:00:00,1,0,0,0,0,0.0,17,0,13
92,Alex,Outbound,2025-02-05 06:00:00,0,0,0,0,0,0.0,22,0,2
93,Taylor,Retail,2025-03-06 17:00:00,0,0,0,0,0,0.0,23,1,16
94,Matt,Retail,2025-01-22 16:00:00,1,0,0,0,0,0.0,12,0,4
95,Matt,Retail,2025-03-23 21:00:00,0,0,0,0,0,0.0,21,0,14
96,Sam,Inbound,2025-03-09 15:00:00,1,1,1,1,0,0.0,17,0,16
97,Taylor,Retail,2025-01-16 17:00:00,1,1,1,0,0,0.0,6,1,18
98,Taylor,Retail,2025-01-29 05:00:00,1,1,1,1,0,0.0,20,0,6
99,Sam,Retail,2025-01-17 12:00:00,1,1,1,0,0,0.0,10,2,1
100,Alex,Events,2025-01-25 13:00:00,1,1,0,0,0,0.0,16,0,15
101,Taylor,Referral,2025-02-02 21:00:00,0,0,0,0,0,0.0,18,1,9
102,Sam,Outbound,2025-01-12 18:00:00,1,1,1,1,0,0.0,23,0,19
103,Matt,Retail,2025-01-02 07:00:00,0,0,0,0,0,0.0,23,0,3
104,Matt,Events,2025-02-09 11:00:00,0,0,0,0,0,0.0,20,0,12
105,Taylor,Outbound,2025-03-05 02:00:00,0,0,0,0,0,0.0,13,3,2
106,Alex,Outbound,2025-01-28 06:00:00,0,0,0,0,0,0.0,11,1,10
107,Sam,Retail,2025-03-19 10:00:00,0,0,0,0,0,0.0,12,1,0
108,Matt,Retail,2025-02-03 05:00:00,0,0,0,0,0,0.0,23,0,15
109,Alex,Retail,2025-03-23 01:00:00,1,1,0,0,0,0.0,6,0,12
110,Alex,Referral,2025-01-22 05:00:00,1,0,0,0,0,0.0,14,0,2
111,Alex,Inbound,2025-02-18 12:00:00,1,1,1,1,0,0.0,17,0,10
112,Sam,Retail,2025-03-10 16:00:00,1,1,0,0,0,0.0,2,0,8
113,Taylor,Retail,2025-01-06 07:00:00,1,1,0,0,0,0.0,16,1,14
114,Taylor,Inbound,2025-03-25 16:00:00,0,0,0,0,0,0.0,7,0,10
115,Sam,Retail,2025-02-02 20:00:00,1,1,0,0,0,0.0,8,0,9
116,Alex,Referral,2025-02-14 19:00:00,0,0,0,0,0,0.0,16,0,17
117,Taylor,Outbound,2025-02-26 13:00:00,1,1,1,1,0,0.0,2,1,10
118,Jordan,Outbound,2025-02-27 20:00:00,1,1,0,0,0,0.0,5,0,17
119,Jordan,Retail,2025-01-03 03:00:00,1,1,1,1,1,4580.0,29,0,18
120,Sam,Inbound,2025-03-20 01:00:00,1,1,1,1,0,0.0,15,1,17
121,Sam,Inbound,2025-02-26 02:00:00,1,1,0,0,0,0.0,4,0,20
122,Taylor,Inbound,2025-03-31 21:00:00,1,1,0,0,0,0.0,10,0,14
123,Jordan,Retail,2025-02-12 10:00:00,1,1,0,0,0,0.0,9,2,11
124,Sam,Retail,2025-02-25 05:00:00,1,1,1,1,0,0.0,14,0,11
125,Sam,Retail,2025-02-09 16:00:00,1,1,0,0,0,0.0,8,0,4
126,Alex,Inbound,2025-03-22 01:00:00,1,1,1,1,0,0.0,2,0,17
127,Alex,Retail,2025-03-16 21:00:00,1,1,1,1,0,0.0,14,4,14
128,Sam,Retail,2025-03-23 18:00:00,1,1,1,1,0,0.0,21,1,18
129,Matt,Retail,2025-02-15 09:00:00,1,1,0,0,0,0.0,15,0,14
130,Alex,Inbound,2025-03-13 05:00:00,1,0,0,0,0,0.0,10,1,10
131,Sam,Retail,2025-02-02 06:00:00,1,1,0,0,0,0.0,13,3,6
132,Taylor,Referral,2025-02-11 11:00:00,0,0,0,0,0,0.0,5,0,20
133,Jordan,Inbound,2025-03-10 10:00:00,0,0,0,0,0,0.0,7,0,15
134,Alex,Retail,2025-01-08 07:00:00,0,0,0,0,0,0.0,12,1,18
135,Jordan,Inbound,2025-03-05 22:00:00,1,1,1,0,0,0.0,15,1,12
136,Sam,Retail,2025-01-02 10:00:00,1,1,1,1,0,0.0,13,0,10
137,Jordan,Events,2025-02-22 06:00:00,1,0,0,0,0,0.0,24,0,0
138,Matt,Inbound,2025-02-12 22:00:00,0,0,0,0,0,0.0,16,1,1
139,Jordan,Outbound,2025-02-12 04:00:00,0,0,0,0,0,0.0,2,1,14
140,Jordan,Retail,2025-02-14 11:00:00,0,0,0,0,0,0.0,14,0,4
141,Sam,Inbound,2025-02-14 06:00:00,0,0,0,0,0,0.0,15,0,1
142,Taylor,Inbound,2025-02-06 15:00:00,1,1,1,1,0,0.0,3,0,16
143,Taylor,Referral,2025-02-10 14:00:00,0,0,0,0,0,0.0,10,0,13
144,Sam,Inbound,2025-02-21 03:00:00,0,0,0,0,0,0.0,22,1,2
145,Alex,Inbound,2025-03-10 17:00:00,1,0,0,0,0,0.0,10,0,10
146,Jordan,Retail,2025-02-19 16:00:00,0,0,0,0,0,0.0,12,1,9
147,Matt,Retail,2025-02-27 19:00:00,1,1,1,0,0,0.0,7,0,0
148,Taylor,Inbound,2025-03-17 07:00:00,0,0,0,0,0,0.0,3,0,12
149,Taylor,Retail,2025-03-31 01:00:00,0,0,0,0,0,0.0,9,1,8
150,Taylor,Retail,2025-01-10 18:00:00,1,1,1,1,1,4004.0,39,1,18
151,Alex,Outbound,2025-03-06 03:00:00,0,0,0,0,0,0.0,24,0,2
152,Alex,Referral,2025-01-21 06:00:00,1,1,1,1,1,5272.0,9,1,17
153,Taylor,Retail,2025-01-18 17:00:00,0,0,0,0,0,0.0,21,0,0
154,Jordan,Inbound,2025-03-13 08:00:00,0,0,0,0,0,0.0,16,1,16
155,Sam,Retail,2025-01-07 04:00:00,0,0,0,0,0,0.0,17,2,16
156,Jordan,Outbound,2025-03-18 07:00:00,0,0,0,0,0,0.0,11,1,8
157,Jordan,Retail,2025-03-11 08:00:00,1,1,0,0,0,0.0,3,3,5
158,Sam,Outbound,2025-03-31 12:00:00,1,1,1,1,0,0.0,11,2,2
159,Taylor,Outbound,2025-03-02 02:00:00,1,0,0,0,0,0.0,21,1,7
160,Alex,Outbound,2025-03-20 13:00:00,1,1,1,1,1,2499.0,14,1,14
161,Taylor,Retail,2025-01-11 16:00:00,1,0,0,0,0,0.0,19,0,15
162,Alex,Referral,2025-03-22 02:00:00,1,0,0,0,0,0.0,3,3,3
163,Jordan,Retail,2025-01-15 10:00:00,1,1,0,0,0,0.0,6,0,0
164,Taylor,Retail,2025-01-29 06:00:00,1,1,1,1,0,0.0,8,0,11
165,Taylor,Inbound,2025-01-12 12:00:00,0,0,0,0,0,0.0,10,0,12
166,Taylor,Retail,2025-02-06 03:00:00,1,1,1,0,0,0.0,24,1,20
167,Alex,Outbound,2025-03-09 09:00:00,0,0,0,0,0,0.0,12,0,15
168,Taylor,Outbound,2025-01-25 03:00:00,1,1,1,0,0,0.0,17,0,11
169,Taylor,Retail,2025-03-15 23:00:00,1,1,1,1,0,0.0,16,0,12
170,Taylor,Events,2025-02-24 13:00:00,1,1,1,1,1,3221.0,7,2,13
171,Matt,Retail,2025-02-26 14:00:00,1,0,0,0,0,0.0,24,0,9
172,Sam,Inbound,2025-03-26 11:00:00,1,1,0,0,0,0.0,7,0,14
173,Taylor,Retail,2025-02-08 20:00:00,1,1,0,0,0,0.0,2,0,4
174,Sam,Referral,2025-02-01 00:00:00,1,0,0,0,0,0.0,19,2,17
175,Alex,Retail,2025-03-31 12:00:00,1,1,0,0,0,0.0,17,1,18
176,Sam,Retail,2025-02-20 03:00:00,0,0,0,0,0,0.0,7,0,9
177,Matt,Retail,2025-02-25 07:00:00,1,0,0,0,0,0.0,21,1,9
178,Jordan,Events,2025-01-27 16:00:00,0,0,0,0,0,0.0,5,0,10
179,Sam,Referral,2025-01-20 09:00:00,1,1,1,1,0,0.0,7,2,17
180,Jordan,Outbound,2025-01-16 06:00:00,0,0,0,0,0,0.0,5,1,3
181,Sam,Referral,2025-01-21 02:00:00,0,0,0,0,0,0.0,6,1,7
182,Alex,Referral,2025-01-18 13:00:00,0,0,0,0,0,0.0,18,1,12
183,Sam,Inbound,2025-03-09 04:00:00,0,0,0,0,0,0.0,18,2,14
184,Sam,Retail,2025-01-06 05:00:00,1,1,1,0,0,0.0,16,1,6
185,Sam,Outbound,2025-02-26 15:00:00,1,1,0,0,0,0.0,21,1,2
186,Alex,Outbound,2025-03-27 10:00:00,1,1,0,0,0,0.0,3,0,10
187,Alex,Retail,2025-03-10 21:00:00,0,0,0,0,0,0.0,16,1,13
188,Alex,Retail,2025-02-06 06:00:00,0,0,0,0,0,0.0,4,0,16
189,Jordan,Outbound,2025-01-06 08:00:00,1,1,1,0,0,0.0,23,0,0
190,Jordan,Retail,2025-03-17 01:00:00,0,0,0,0,0,0.0,16,0,0
191,Alex,Referral,2025-01-01 06:00:00,1,1,1,1,1,3939.0,15,0,8
192,Jordan,Retail,2025-03-03 07:00:00,0,0,0,0,0,0.0,15,1,11
193,Alex,Retail,2025-03-02 09:00:00,0,0,0,0,0,0.0,10,0,0
194,Alex,Referral,2025-01-18 06:00:00,1,1,0,0,0,0.0,17,0,3
195,Sam,Retail,2025-03-08 14:00:00,0,0,0,0,0,0.0,21,1,8
196,Taylor,Retail,2025-01-16 18:00:00,0,0,0,0,0,0.0,6,1,5
197,Alex,Inbound,2025-01-21 07:00:00,1,1,1,1,1,4191.0,19,0,14
198,Taylor,Referral,2025-03-15 01:00:00,1,1,0,0,0,0.0,18,1,0
199,Jordan,Retail,2025-03-30 02:00:00,1,1,1,0,0,0.0,3,0,18
200,Matt,Retail,2025-01-24 19:00:00,0,0,0,0,0,0.0,23,0,3
201,Alex,Outbound,2025-03-24 22:00:00,1,1,1,1,0,0.0,6,1,9
202,Matt,Events,2025-03-24 04:00:00,0,0,0,0,0,0.0,15,1,20
203,Matt,Inbound,2025-03-11 05:00:00,0,0,0,0,0,0.0,4,0,13
204,Alex,Retail,2025-01-13 14:00:00,1,1,1,1,0,0.0,6,2,20
205,Jordan,Retail,2025-01-27 22:00:00,1,0,0,0,0,0.0,16,1,0
206,Sam,Retail,2025-03-02 23:00:00,0,0,0,0,0,0.0,17,0,15
207,Matt,Retail,2025-03-31 22:00:00,0,0,0,0,0,0.0,17,1,1
208,Taylor,Outbound,2025-03-15 07:00:00,1,1,1,0,0,0.0,9,0,12
209,Alex,Retail,2025-02-07 19:00:00,1,1,1,1,0,0.0,20,2,6
210,Matt,Inbound,2025-01-22 04:00:00,1,1,1,1,1,4001.0,20,0,16
211,Sam,Outbound,2025-03-28 10:00:00,0,0,0,0,0,0.0,21,0,2
212,Sam,Inbound,2025-01-25 20:00:00,1,1,1,1,1,4488.0,22,0,18
213,Sam,Retail,2025-01-31 19:00:00,0,0,0,0,0,0.0,16,1,10
214,Matt,Outbound,2025-03-28 19:00:00,1,1,1,0,0,0.0,22,1,10
215,Matt,Outbound,2025-02-20 13:00:00,0,0,0,0,0,0.0,7,2,11
216,Alex,Outbound,2025-01-24 19:00:00,1,1,1,1,0,0.0,11,2,0
217,Jordan,Retail,2025-01-01 11:00:00,1,1,1,1,0,0.0,21,2,6
218,Taylor,Retail,2025-02-08 16:00:00,0,0,0,0,0,0.0,21,0,14
219,Alex,Referral,2025-03-30 17:00:00,0,0,0,0,0,0.0,7,1,20
220,Matt,Retail,2025-02-08 22:00:00,1,1,1,1,0,0.0,13,0,20
221,Taylor,Retail,2025-03-04 22:00:00,1,1,1,1,0,0.0,9,0,11
222,Matt,Inbound,2025-01-23 18:00:00,1,0,0,0,0,0.0,13,0,5
223,Matt,Outbound,2025-03-11 19:00:00,1,1,1,1,0,0.0,10,0,10
224,Jordan,Events,2025-03-11 19:00:00,1,1,1,1,0,0.0,2,0,9
225,Jordan,Retail,2025-02-24 17:00:00,0,0,0,0,0,0.0,23,1,8
226,Sam,Referral,2025-03-11 11:00:00,1,0,0,0,0,0.0,16,0,7
227,Taylor,Retail,2025-02-22 02:00:00,0,0,0,0,0,0.0,12,2,18
228,Taylor,Inbound,2025-02-04 01:00:00,1,1,1,1,0,0.0,4,0,8
229,Alex,Inbound,2025-03-08 09:00:00,1,1,1,1,0,0.0,3,1,0
230,Taylor,Retail,2025-03-17 03:00:00,0,0,0,0,0,0.0,13,1,15
231,Sam,Retail,2025-03-17 16:00:00,1,1,0,0,0,0.0,16,1,13
232,Matt,Retail,2025-01-20 04:00:00,0,0,0,0,0,0.0,7,1,7
233,Taylor,Events,2025-03-02 21:00:00,1,1,0,0,0,0.0,19,1,13
234,Matt,Inbound,2025-01-01 09:00:00,0,0,0,0,0,0.0,11,1,19
235,Jordan,Referral,2025-02-21 11:00:00,0,0,0,0,0,0.0,2,0,19
236,Sam,Outbound,2025-02-21 09:00:00,0,0,0,0,0,0.0,14,0,16
237,Alex,Inbound,2025-02-02 17:00:00,1,0,0,0,0,0.0,6,1,12
238,Alex,Outbound,2025-03-31 11:00:00,1,1,0,0,0,0.0,2,0,0
239,Jordan,Retail,2025-03-21 11:00:00,1,1,1,1,1,3895.0,13,0,10
240,Taylor,Retail,2025-01-04 11:00:00,1,1,1,1,0,0.0,8,1,17
241,Alex,Outbound,2025-01-19 19:00:00,1,0,0,0,0,0.0,13,0,17
242,Sam,Outbound,2025-01-19 17:00:00,1,1,0,0,0,0.0,24,0,16
243,Jordan,Retail,2025-03-22 18:00:00,1,0,0,0,0,0.0,7,0,20
244,Matt,Inbound,2025-02-16 16:00:00,1,1,1,1,1,3701.0,17,2,10
245,Sam,Inbound,2025-03-07 14:00:00,1,1,0,0,0,0.0,6,0,2
246,Taylor,Referral,2025-03-14 21:00:00,1,1,1,0,0,0.0,9,1,10
247,Jordan,Inbound,2025-03-11 02:00:00,1,1,0,0,0,0.0,6,1,6
248,Matt,Retail,2025-01-09 00:00:00,0,0,0,0,0,0.0,9,0,17
249,Matt,Retail,2025-01-13 15:00:00,1,0,0,0,0,0.0,24,1,16
250,Jordan,Retail,2025-02-05 13:00:00,1,1,0,0,0,0.0,10,1,8
251,Jordan,Outbound,2025-01-31 10:00:00,1,0,0,0,0,0.0,16,0,8
252,Jordan,Referral,2025-03-09 05:00:00,0,0,0,0,0,0.0,17,0,3
253,Alex,Inbound,2025-01-15 01:00:00,1,1,1,1,0,0.0,4,2,0
254,Jordan,Retail,2025-02-03 10:00:00,0,0,0,0,0,0.0,7,0,6
255,Alex,Retail,2025-01-22 07:00:00,0,0,0,0,0,0.0,11,1,5
256,Sam,Outbound,2025-01-17 23:00:00,1,0,0,0,0,0.0,12,1,5
257,Sam,Outbound,2025-01-16 13:00:00,0,0,0,0,0,0.0,2,0,20
258,Sam,Retail,2025-01-18 14:00:00,0,0,0,0,0,0.0,16,1,14
259,Matt,Retail,2025-02-20 19:00:00,1,1,0,0,0,0.0,8,0,11
260,Taylor,Inbound,2025-02-06 21:00:00,1,1,1,1,0,0.0,9,1,3
261,Matt,Retail,2025-02-09 04:00:00,0,0,0,0,0,0.0,15,1,17
262,Taylor,Outbound,2025-02-13 03:00:00,0,0,0,0,0,0.0,23,1,13
263,Matt,Retail,2025-03-08 16:00:00,1,1,1,1,0,0.0,21,0,10
264,Jordan,Retail,2025-03-19 13:00:00,1,1,0,0,0,0.0,24,0,9
265,Matt,Referral,2025-02-17 09:00:00,0,0,0,0,0,0.0,11,0,11
266,Matt,Retail,2025-02-27 19:00:00,1,1,1,1,1,4249.0,40,0,17
267,Sam,Retail,2025-03-08 11:00:00,0,0,0,0,0,0.0,6,1,15
268,Sam,Retail,2025-03-04 03:00:00,1,1,0,0,0,0.0,9,1,10
269,Matt,Retail,2025-01-13 02:00:00,0,0,0,0,0,0.0,8,0,14
270,Taylor,Retail,2025-03-30 11:00:00,0,0,0,0,0,0.0,6,0,19
271,Alex,Retail,2025-01-15 19:00:00,0,0,0,0,0,0.0,5,0,6
272,Alex,Retail,2025-02-07 01:00:00,0,0,0,0,0,0.0,6,0,18
273,Alex,Retail,2025-02-28 17:00:00,0,0,0,0,0,0.0,17,2,12
274,Jordan,Inbound,2025-02-06 07:00:00,0,0,0,0,0,0.0,13,0,3
275,Matt,Outbound,2025-01-22 21:00:00,0,0,0,0,0,0.0,2,0,20
276,Jordan,Retail,2025-03-25 02:00:00,1,0,0,0,0,0.0,14,0,14
277,Alex,Retail,2025-01-07 10:00:00,0,0,0,0,0,0.0,21,1,8
278,Matt,Inbound,2025-01-23 03:00:00,1,1,0,0,0,0.0,11,0,4
279,Alex,Referral,2025-03-31 08:00:00,0,0,0,0,0,0.0,9,1,19
280,Sam,Referral,2025-03-07 16:00:00,0,0,0,0,0,0.0,8,0,17
281,Sam,Retail,2025-01-08 19:00:00,1,1,1,0,0,0.0,10,1,0
282,Alex,Retail,2025-03-09 21:00:00,1,1,1,1,0,0.0,8,0,13
283,Alex,Retail,2025-03-29 06:00:00,1,1,1,0,0,0.0,23,0,2
284,Sam,Retail,2025-01-09 19:00:00,0,0,0,0,0,0.0,24,0,6
285,Sam,Inbound,2025-02-07 06:00:00,1,1,0,0,0,0.0,9,1,11
286,Taylor,Retail,2025-02-12 03:00:00,1,1,1,1,0,0.0,23,1,5
287,Taylor,Retail,2025-01-12 18:00:00,0,0,0,0,0,0.0,21,2,10
288,Taylor,Retail,2025-01-19 01:00:00,0,0,0,0,0,0.0,3,2,9
289,Taylor,Inbound,2025-01-16 15:00:00,1,1,0,0,0,0.0,13,0,12
290,Jordan,Retail,2025-01-17 16:00:00,1,1,1,1,1,3675.0,32,1,16
291,Alex,Referral,2025-02-06 07:00:00,0,0,0,0,0,0.0,11,2,3
292,Alex,Retail,2025-02-11 17:00:00,0,0,0,0,0,0.0,12,2,16
293,Alex,Referral,2025-01-22 10:00:00,0,0,0,0,0,0.0,13,0,4
294,Sam,Retail,2025-01-27 01:00:00,1,1,1,0,0,0.0,17,0,0
295,Sam,Referral,2025-01-18 07:00:00,1,1,0,0,0,0.0,8,0,9
296,Taylor,Referral,2025-03-13 15:00:00,1,0,0,0,0,0.0,15,0,6
297,Matt,Events,2025-01-20 01:00:00,0,0,0,0,0,0.0,7,1,3
298,Jordan,Outbound,2025-03-23 16:00:00,1,1,1,1,1,3449.0,21,1,8
299,Alex,Outbound,2025-02-18 11:00:00,1,1,1,1,0,0.0,3,1,18
300,Taylor,Inbound,2025-03-14 05:00:00,0,0,0,0,0,0.0,3,1,12
301,Alex,Outbound,2025-02-27 06:00:00,0,0,0,0,0,0.0,2,1,15
302,Matt,Retail,2025-01-24 22:00:00,0,0,0,0,0,0.0,10,1,3
303,Jordan,Inbound,2025-02-24 02:00:00,1,1,0,0,0,0.0,15,1,1
304,Taylor,Inbound,2025-01-25 16:00:00,1,0,0,0,0,0.0,24,0,7
305,Taylor,Referral,2025-01-11 16:00:00,1,1,1,1,1,3633.0,14,1,16
306,Matt,Inbound,2025-01-23 22:00:00,1,1,1,1,0,0.0,6,2,18
307,Alex,Retail,2025-01-25 19:00:00,1,1,1,0,0,0.0,10,0,2
308,Matt,Inbound,2025-01-13 03:00:00,1,1,1,1,1,3184.0,9,0,10
309,Alex,Retail,2025-01-03 02:00:00,0,0,0,0,0,0.0,12,2,8
310,Jordan,Retail,2025-03-26 22:00:00,0,0,0,0,0,0.0,18,0,15
311,Alex,Inbound,2025-02-16 04:00:00,0,0,0,0,0,0.0,2,0,4
312,Matt,Retail,2025-02-06 04:00:00,1,0,0,0,0,0.0,19,1,10
313,Jordan,Retail,2025-03-25 16:00:00,1,1,1,1,1,3879.0,16,0,17
314,Matt,Retail,2025-01-21 05:00:00,1,1,0,0,0,0.0,17,1,9
315,Alex,Retail,2025-02-06 06:00:00,1,1,1,1,1,4258.0,35,0,16
316,Matt,Retail,2025-03-18 04:00:00,1,1,1,1,0,0.0,19,2,13
317,Matt,Retail,2025-02-26 21:00:00,1,1,0,0,0,0.0,17,1,12
318,Jordan,Outbound,2025-02-05 22:00:00,0,0,0,0,0,0.0,17,1,5
319,Taylor,Retail,2025-01-24 00:00:00,1,1,0,0,0,0.0,6,1,20
320,Sam,Referral,2025-01-04 03:00:00,0,0,0,0,0,0.0,5,2,5
321,Matt,Referral,2025-01-08 15:00:00,1,1,0,0,0,0.0,10,0,19
322,Matt,Inbound,2025-01-15 13:00:00,1,1,1,1,0,0.0,15,1,20
323,Alex,Retail,2025-03-12 19:00:00,1,1,1,0,0,0.0,16,1,10
324,Sam,Inbound,2025-02-27 12:00:00,1,0,0,0,0,0.0,19,0,18
325,Sam,Referral,2025-02-09 00:00:00,1,1,1,1,0,0.0,9,0,15
326,Taylor,Outbound,2025-03-12 11:00:00,0,0,0,0,0,0.0,21,1,15
327,Alex,Outbound,2025-01-15 11:00:00,1,1,1,1,1,3621.0,27,1,1
328,Matt,Inbound,2025-01-19 23:00:00,1,0,0,0,0,0.0,7,0,2
329,Matt,Inbound,2025-02-05 08:00:00,0,0,0,0,0,0.0,18,0,1
330,Matt,Retail,2025-03-24 13:00:00,1,1,0,0,0,0.0,4,0,0
331,Matt,Outbound,2025-02-25 06:00:00,0,0,0,0,0,0.0,11,1,17
332,Taylor,Retail,2025-03-18 14:00:00,1,1,0,0,0,0.0,19,1,3
333,Alex,Outbound,2025-01-23 08:00:00,0,0,0,0,0,0.0,19,0,0
334,Taylor,Referral,2025-03-18 08:00:00,1,1,1,1,0,0.0,7,0,19
335,Jordan,Retail,2025-01-07 12:00:00,1,1,0,0,0,0.0,5,1,5
336,Jordan,Inbound,2025-01-21 11:00:00,0,0,0,0,0,0.0,2,1,17
337,Jordan,Retail,2025-02-17 01:00:00,0,0,0,0,0,0.0,4,1,20
338,Taylor,Outbound,2025-01-05 13:00:00,1,0,0,0,0,0.0,20,1,10
339,Matt,Retail,2025-03-19 05:00:00,0,0,0,0,0,0.0,20,1,19
340,Matt,Referral,2025-03-20 01:00:00,1,1,0,0,0,0.0,13,1,20
341,Jordan,Retail,2025-02-18 17:00:00,1,1,1,1,1,3650.0,44,1,3
342,Alex,Events,2025-01-28 12:00:00,1,0,0,0,0,0.0,9,1,3
343,Jordan,Outbound,2025-01-09 21:00:00,0,0,0,0,0,0.0,6,0,7
344,Sam,Inbound,2025-02-25 16:00:00,1,1,1,1,0,0.0,2,1,11
345,Jordan,Outbound,2025-02-18 09:00:00,0,0,0,0,0,0.0,17,0,16
346,Alex,Outbound,2025-03-10 09:00:00,1,1,0,0,0,0.0,2,3,3
347,Alex,Referral,2025-02-24 05:00:00,0,0,0,0,0,0.0,4,0,4
348,Sam,Retail,2025-01-12 13:00:00,0,0,0,0,0,0.0,20,1,6
349,Alex,Inbound,2025-01-11 23:00:00,1,1,1,0,0,0.0,15,1,5
350,Jordan,Retail,2025-03-12 06:00:00,1,1,0,0,0,0.0,13,2,19
351,Jordan,Inbound,2025-01-15 07:00:00,1,1,1,0,0,0.0,7,0,8
352,Sam,Retail,2025-03-26 11:00:00,0,0,0,0,0,0.0,5,0,18
353,Sam,Inbound,2025-01-10 12:00:00,1,1,1,0,0,0.0,12,0,1
354,Jordan,Inbound,2025-03-07 13:00:00,1,1,1,0,0,0.0,10,1,2
355,Alex,Inbound,2025-03-29 18:00:00,1,1,0,0,0,0.0,14,0,16
356,Alex,Inbound,2025-02-09 17:00:00,0,0,0,0,0,0.0,5,0,5
357,Jordan,Outbound,2025-01-06 02:00:00,1,1,0,0,0,0.0,7,1,1
358,Alex,Outbound,2025-03-20 21:00:00,1,1,1,1,1,3684.0,14,0,12
359,Sam,Inbound,2025-01-17 20:00:00,0,0,0,0,0,0.0,11,1,3
360,Alex,Inbound,2025-02-17 11:00:00,1,1,0,0,0,0.0,8,0,1
361,Sam,Referral,2025-03-30 14:00:00,0,0,0,0,0,0.0,7,1,8
362,Sam,Retail,2025-03-09 00:00:00,1,1,1,1,1,2684.0,44,2,11
363,Taylor,Retail,2025-01-05 04:00:00,1,1,1,1,0,0.0,13,0,11
364,Matt,Retail,2025-03-15 20:00:00,0,0,0,0,0,0.0,6,0,12
365,Sam,Outbound,2025-01-15 12:00:00,0,0,0,0,0,0.0,18,0,0
366,Matt,Retail,2025-03-09 10:00:00,0,0,0,0,0,0.0,9,0,6
367,Alex,Outbound,2025-02-25 21:00:00,1,1,1,1,0,0.0,9,0,7
368,Matt,Outbound,2025-01-26 21:00:00,1,1,1,0,0,0.0,12,1,6
369,Matt,Retail,2025-02-08 02:00:00,1,1,1,0,0,0.0,5,0,11
370,Matt,Referral,2025-01-11 14:00:00,1,1,1,1,1,2986.0,21,2,4
371,Matt,Outbound,2025-03-30 19:00:00,1,0,0,0,0,0.0,15,2,13
372,Taylor,Retail,2025-01-22 10:00:00,1,1,1,0,0,0.0,4,0,19
373,Matt,Retail,2025-01-28 18:00:00,1,0,0,0,0,0.0,14,2,13
374,Alex,Retail,2025-02-15 06:00:00,1,1,1,1,1,4262.0,19,1,8
375,Sam,Retail,2025-03-02 12:00:00,1,1,1,0,0,0.0,15,0,9
376,Taylor,Retail,2025-02-15 11:00:00,1,1,1,0,0,0.0,2,1,12
377,Taylor,Referral,2025-02-15 11:00:00,0,0,0,0,0,0.0,6,1,15
378,Matt,Retail,2025-02-22 10:00:00,0,0,0,0,0,0.0,10,1,6
379,Taylor,Retail,2025-03-19 04:00:00,1,1,0,0,0,0.0,16,1,0
380,Sam,Outbound,2025-02-05 13:00:00,0,0,0,0,0,0.0,18,1,14
381,Matt,Inbound,2025-03-16 21:00:00,0,0,0,0,0,0.0,12,1,13
382,Jordan,Referral,2025-03-12 19:00:00,1,0,0,0,0,0.0,5,0,2
383,Taylor,Outbound,2025-03-28 11:00:00,1,0,0,0,0,0.0,10,0,13
384,Alex,Inbound,2025-03-24 04:00:00,1,1,1,1,1,3230.0,32,0,1
385,Matt,Retail,2025-03-13 20:00:00,1,1,0,0,0,0.0,4,0,13
386,Taylor,Events,2025-01-23 04:00:00,0,0,0,0,0,0.0,18,2,15
387,Taylor,Outbound,2025-03-11 16:00:00,0,0,0,0,0,0.0,10,2,0
388,Taylor,Events,2025-03-08 06:00:00,1,0,0,0,0,0.0,2,0,15
389,Taylor,Retail,2025-01-27 01:00:00,0,0,0,0,0,0.0,17,0,2
390,Taylor,Referral,2025-03-03 00:00:00,1,1,1,0,0,0.0,2,1,5
391,Jordan,Inbound,2025-01-23 18:00:00,0,0,0,0,0,0.0,10,0,14
392,Matt,Retail,2025-02-17 01:00:00,0,0,0,0,0,0.0,6,1,7
393,Sam,Inbound,2025-03-13 16:00:00,1,0,0,0,0,0.0,15,1,20
394,Alex,Outbound,2025-01-17 23:00:00,1,1,1,1,0,0.0,3,5,20
395,Jordan,Retail,2025-01-31 07:00:00,0,0,0,0,0,0.0,4,2,20
396,Sam,Inbound,2025-03-13 13:00:00,0,0,0,0,0,0.0,14,0,2
397,Taylor,Outbound,2025-02-10 20:00:00,1,1,1,1,1,3335.0,37,0,3
398,Alex,Retail,2025-03-28 10:00:00,1,1,0,0,0,0.0,2,1,3
399,Alex,Inbound,2025-01-01 17:00:00,1,1,1,0,0,0.0,12,0,12
400,Sam,Retail,2025-03-06 23:00:00,0,0,0,0,0,0.0,20,0,9
401,Matt,Retail,2025-03-15 06:00:00,0,0,0,0,0,0.0,8,1,15
402,Jordan,Referral,2025-03-24 14:00:00,0,0,0,0,0,0.0,13,1,5
403,Sam,Outbound,2025-01-15 02:00:00,0,0,0,0,0,0.0,21,0,4
404,Jordan,Retail,2025-03-30 13:00:00,0,0,0,0,0,0.0,18,0,13
405,Alex,Events,2025-02-05 07:00:00,0,0,0,0,0,0.0,8,2,12
406,Taylor,Referral,2025-02-01 16:00:00,1,0,0,0,0,0.0,19,0,14
407,Alex,Retail,2025-02-01 23:00:00,0,0,0,0,0,0.0,17,0,6
408,Sam,Referral,2025-02-27 10:00:00,1,1,1,1,0,0.0,13,0,11
409,Jordan,Retail,2025-03-01 08:00:00,1,1,0,0,0,0.0,12,1,19
410,Matt,Events,2025-02-12 15:00:00,0,0,0,0,0,0.0,23,1,12
411,Jordan,Outbound,2025-01-07 09:00:00,0,0,0,0,0,0.0,22,0,19
412,Matt,Outbound,2025-03-30 19:00:00,0,0,0,0,0,0.0,24,0,9
413,Taylor,Retail,2025-01-20 23:00:00,1,1,0,0,0,0.0,17,0,0
414,Sam,Referral,2025-01-09 10:00:00,1,1,1,1,1,4489.0,13,0,15
415,Alex,Retail,2025-02-23 18:00:00,1,1,1,0,0,0.0,4,0,9
416,Jordan,Retail,2025-02-07 02:00:00,1,1,0,0,0,0.0,4,0,0
417,Sam,Retail,2025-02-25 09:00:00,1,1,1,1,0,0.0,23,1,2
418,Alex,Outbound,2025-03-20 19:00:00,1,1,1,0,0,0.0,10,0,6
419,Alex,Retail,2025-01-09 18:00:00,1,1,1,1,1,3920.0,12,0,4
420,Jordan,Referral,2025-01-26 13:00:00,0,0,0,0,0,0.0,7,3,14
421,Alex,Outbound,2025-02-16 11:00:00,1,0,0,0,0,0.0,2,1,12
422,Sam,Retail,2025-03-12 21:00:00,1,1,1,1,0,0.0,14,2,6
423,Matt,Retail,2025-02-24 01:00:00,0,0,0,0,0,0.0,15,0,1
424,Taylor,Retail,2025-02-04 10:00:00,1,1,1,1,1,2628.0,42,0,1
425,Alex,Inbound,2025-02-24 21:00:00,0,0,0,0,0,0.0,19,0,19
426,Jordan,Outbound,2025-03-30 04:00:00,0,0,0,0,0,0.0,13,1,7
427,Matt,Retail,2025-02-13 04:00:00,1,1,1,0,0,0.0,24,2,2
428,Alex,Referral,2025-03-21 12:00:00,0,0,0,0,0,0.0,19,0,14
429,Sam,Retail,2025-03-12 04:00:00,0,0,0,0,0,0.0,3,1,18
430,Alex,Outbound,2025-01-28 02:00:00,0,0,0,0,0,0.0,8,0,2
431,Matt,Referral,2025-01-23 10:00:00,0,0,0,0,0,0.0,19,0,19
432,Jordan,Outbound,2025-03-11 07:00:00,0,0,0,0,0,0.0,14,2,15
433,Matt,Outbound,2025-01-19 16:00:00,0,0,0,0,0,0.0,19,0,5
434,Alex,Referral,2025-01-31 07:00:00,1,1,1,1,1,3565.0,26,1,16
435,Jordan,Retail,2025-01-22 04:00:00,0,0,0,0,0,0.0,2,0,8
436,Jordan,Retail,2025-02-24 13:00:00,0,0,0,0,0,0.0,20,1,13
437,Sam,Retail,2025-01-27 11:00:00,0,0,0,0,0,0.0,20,0,2
438,Sam,Inbound,2025-03-01 06:00:00,0,0,0,0,0,0.0,16,1,5
439,Taylor,Outbound,2025-03-26 03:00:00,1,1,1,0,0,0.0,11,0,16
440,Matt,Inbound,2025-03-16 15:00:00,0,0,0,0,0,0.0,2,0,16
441,Alex,Referral,2025-03-27 07:00:00,0,0,0,0,0,0.0,18,1,0
442,Matt,Retail,2025-01-03 04:00:00,1,1,1,0,0,0.0,17,2,4
443,Matt,Outbound,2025-02-10 23:00:00,1,1,0,0,0,0.0,17,2,12
444,Alex,Retail,2025-01-20 19:00:00,1,1,0,0,0,0.0,5,2,19
445,Jordan,Retail,2025-03-24 14:00:00,1,0,0,0,0,0.0,18,0,14
446,Taylor,Outbound,2025-03-06 01:00:00,0,0,0,0,0,0.0,18,1,14
447,Sam,Events,2025-01-29 19:00:00,1,1,1,0,0,0.0,21,1,8
448,Sam,Inbound,2025-02-20 17:00:00,1,1,1,1,0,0.0,15,0,1
449,Sam,Retail,2025-02-24 11:00:00,0,0,0,0,0,0.0,18,0,16
450,Matt,Inbound,2025-02-14 14:00:00,0,0,0,0,0,0.0,11,1,16
451,Taylor,Retail,2025-02-12 16:00:00,0,0,0,0,0,0.0,18,1,9
452,Taylor,Referral,2025-01-05 23:00:00,0,0,0,0,0,0.0,17,0,10
453,Matt,Outbound,2025-02-10 17:00:00,0,0,0,0,0,0.0,19,0,4
454,Jordan,Retail,2025-02-01 08:00:00,0,0,0,0,0,0.0,21,0,9
455,Taylor,Retail,2025-03-15 15:00:00,0,0,0,0,0,0.0,2,1,5
456,Jordan,Retail,2025-03-19 20:00:00,1,1,1,1,1,4624.0,21,0,8
457,Taylor,Events,2025-03-09 12:00:00,0,0,0,0,0,0.0,20,0,2
458,Taylor,Inbound,2025-01-03 18:00:00,1,0,0,0,0,0.0,14,1,12
459,Jordan,Outbound,2025-03-17 17:00:00,1,1,1,1,0,0.0,13,0,5
460,Matt,Inbound,2025-02-05 16:00:00,1,1,0,0,0,0.0,18,1,15
461,Alex,Inbound,2025-02-07 11:00:00,0,0,0,0,0,0.0,12,0,10
462,Alex,Retail,2025-03-27 01:00:00,0,0,0,0,0,0.0,11,1,18
463,Jordan,Referral,2025-03-20 01:00:00,1,1,1,1,1,4446.0,37,1,4
464,Jordan,Retail,2025-01-05 13:00:00,0,0,0,0,0,0.0,20,0,5
465,Jordan,Inbound,2025-02-02 09:00:00,1,1,1,1,0,0.0,6,1,5
466,Matt,Outbound,2025-03-09 11:00:00,0,0,0,0,0,0.0,21,0,13
467,Alex,Inbound,2025-02-18 11:00:00,0,0,0,0,0,0.0,9,1,2
468,Sam,Referral,2025-01-24 04:00:00,0,0,0,0,0,0.0,5,0,14
469,Matt,Retail,2025-02-17 05:00:00,0,0,0,0,0,0.0,22,0,17
470,Alex,Inbound,2025-03-19 23:00:00,1,0,0,0,0,0.0,7,1,14
471,Taylor,Retail,2025-01-21 02:00:00,1,1,0,0,0,0.0,6,0,2
472,Matt,Inbound,2025-03-09 03:00:00,0,0,0,0,0,0.0,8,0,10
473,Jordan,Retail,2025-03-08 03:00:00,0,0,0,0,0,0.0,13,0,11
474,Alex,Retail,2025-03-21 17:00:00,1,1,1,1,0,0.0,5,0,8
475,Matt,Retail,2025-01-27 19:00:00,1,1,1,0,0,0.0,5,1,9
476,Jordan,Retail,2025-01-20 10:00:00,1,1,1,1,0,0.0,11,0,16
477,Jordan,Retail,2025-02-19 06:00:00,1,0,0,0,0,0.0,7,0,17
478,Matt,Inbound,2025-02-17 19:00:00,1,0,0,0,0,0.0,6,0,6
479,Matt,Inbound,2025-02-06 20:00:00,1,0,0,0,0,0.0,22,0,6
480,Matt,Retail,2025-03-12 03:00:00,0,0,0,0,0,0.0,15,1,4
481,Sam,Retail,2025-03-13 21:00:00,1,1,1,1,1,1867.0,8,1,8
482,Taylor,Retail,2025-01-23 02:00:00,1,1,1,1,0,0.0,4,2,11
483,Matt,Inbound,2025-03-13 14:00:00,1,0,0,0,0,0.0,20,0,14
484,Alex,Retail,2025-01-21 18:00:00,1,1,1,1,1,2729.0,38,1,5
485,Alex,Retail,2025-02-06 16:00:00,0,0,0,0,0,0.0,5,0,4
486,Alex,Retail,2025-01-03 10:00:00,1,1,1,0,0,0.0,17,1,0
487,Alex,Inbound,2025-01-31 15:00:00,0,0,0,0,0,0.0,21,1,1
488,Matt,Retail,2025-03-28 06:00:00,0,0,0,0,0,0.0,11,0,1
489,Jordan,Inbound,2025-02-09 19:00:00,1,1,1,1,0,0.0,19,0,4
490,Alex,Inbound,2025-03-05 21:00:00,0,0,0,0,0,0.0,11,0,14
491,Alex,Outbound,2025-01-10 17:00:00,0,0,0,0,0,0.0,4,3,16
492,Alex,Inbound,2025-02-27 04:00:00,1,1,0,0,0,0.0,20,0,20
493,Taylor,Outbound,2025-02-03 10:00:00,1,0,0,0,0,0.0,23,0,11
494,Sam,Retail,2025-03-08 23:00:00,0,0,0,0,0,0.0,24,0,9
495,Jordan,Outbound,2025-03-25 12:00:00,0,0,0,0,0,0.0,4,1,18
496,Alex,Inbound,2025-02-17 20:00:00,1,0,0,0,0,0.0,14,0,3
497,Taylor,Retail,2025-01-10 06:00:00,0,0,0,0,0,0.0,16,0,13
498,Taylor,Inbound,2025-02-12 20:00:00,1,1,1,1,0,0.0,3,1,17
499,Matt,Retail,2025-01-12 01:00:00,0,0,0,0,0,0.0,23,1,10
500,Taylor,Inbound,2025-02-10 10:00:00,1,0,0,0,0,0.0,4,1,5
501,Sam,Outbound,2025-01-06 12:00:00,1,1,1,1,1,3092.0,21,0,13
502,Matt,Referral,2025-02-27 15:00:00,0,0,0,0,0,0.0,24,0,20
503,Sam,Referral,2025-01-28 22:00:00,0,0,0,0,0,0.0,14,2,4
504,Matt,Inbound,2025-01-19 03:00:00,0,0,0,0,0,0.0,17,0,11
505,Matt,Inbound,2025-01-02 13:00:00,1,1,1,0,0,0.0,13,0,1
506,Matt,Outbound,2025-03-21 22:00:00,1,1,1,1,0,0.0,19,1,4
507,Jordan,Retail,2025-03-17 08:00:00,0,0,0,0,0,0.0,3,1,16
508,Sam,Referral,2025-03-15 01:00:00,0,0,0,0,0,0.0,17,0,10
509,Jordan,Inbound,2025-01-06 05:00:00,1,1,0,0,0,0.0,3,0,4
510,Matt,Retail,2025-02-01 11:00:00,0,0,0,0,0,0.0,6,0,7
511,Matt,Retail,2025-03-29 10:00:00,1,0,0,0,0,0.0,13,0,2
512,Taylor,Referral,2025-02-22 01:00:00,1,1,1,1,0,0.0,12,1,16
513,Taylor,Retail,2025-01-12 13:00:00,1,0,0,0,0,0.0,5,0,19
514,Sam,Retail,2025-01-13 16:00:00,1,0,0,0,0,0.0,20,0,2
515,Matt,Retail,2025-01-24 16:00:00,1,0,0,0,0,0.0,8,0,4
516,Taylor,Retail,2025-03-29 12:00:00,0,0,0,0,0,0.0,21,1,17
517,Sam,Retail,2025-01-16 06:00:00,1,1,1,1,1,3547.0,37,0,18
518,Jordan,Outbound,2025-03-23 06:00:00,1,1,1,1,1,4001.0,19,0,16
519,Matt,Retail,2025-03-03 00:00:00,1,1,0,0,0,0.0,8,0,15
520,Taylor,Outbound,2025-03-24 23:00:00,1,1,1,1,0,0.0,15,0,18
521,Jordan,Referral,2025-03-16 08:00:00,1,1,1,1,1,3186.0,9,0,7
522,Matt,Retail,2025-01-30 21:00:00,0,0,0,0,0,0.0,5,1,18
523,Alex,Retail,2025-03-16 12:00:00,1,1,0,0,0,0.0,15,0,18
524,Jordan,Inbound,2025-01-16 05:00:00,0,0,0,0,0,0.0,24,0,4
525,Matt,Retail,2025-01-27 04:00:00,0,0,0,0,0,0.0,5,1,1
526,Alex,Retail,2025-01-20 01:00:00,1,1,1,0,0,0.0,7,1,10
527,Jordan,Events,2025-01-12 23:00:00,0,0,0,0,0,0.0,13,1,15
528,Taylor,Events,2025-01-09 02:00:00,0,0,0,0,0,0.0,18,0,17
529,Matt,Outbound,2025-01-17 20:00:00,0,0,0,0,0,0.0,5,0,2
530,Jordan,Retail,2025-01-11 19:00:00,0,0,0,0,0,0.0,7,0,7
531,Taylor,Outbound,2025-02-04 05:00:00,0,0,0,0,0,0.0,7,2,16
532,Taylor,Outbound,2025-01-07 10:00:00,0,0,0,0,0,0.0,16,0,1
533,Taylor,Retail,2025-01-06 12:00:00,0,0,0,0,0,0.0,3,0,15
534,Matt,Inbound,2025-03-31 02:00:00,1,1,1,1,0,0.0,17,0,6
535,Taylor,Retail,2025-01-08 21:00:00,0,0,0,0,0,0.0,11,1,0
536,Taylor,Retail,2025-01-07 15:00:00,0,0,0,0,0,0.0,9,0,5
537,Alex,Inbound,2025-01-03 17:00:00,0,0,0,0,0,0.0,21,2,15
538,Jordan,Retail,2025-01-12 22:00:00,1,1,0,0,0,0.0,20,0,18
539,Jordan,Retail,2025-02-17 12:00:00,1,1,1,1,0,0.0,20,1,1
540,Jordan,Referral,2025-03-16 10:00:00,1,1,1,1,1,3103.0,35,0,9
541,Alex,Events,2025-03-08 03:00:00,1,0,0,0,0,0.0,7,0,4
542,Taylor,Inbound,2025-02-22 05:00:00,1,1,1,1,0,0.0,21,1,14
543,Taylor,Referral,2025-01-08 15:00:00,1,0,0,0,0,0.0,6,1,16
544,Alex,Events,2025-03-11 16:00:00,1,1,1,1,0,0.0,9,2,20
545,Taylor,Retail,2025-01-04 08:00:00,1,1,1,1,0,0.0,14,0,7
546,Alex,Retail,2025-02-26 18:00:00,1,1,1,1,1,2258.0,7,0,6
547,Sam,Retail,2025-02-06 20:00:00,0,0,0,0,0,0.0,15,1,6
548,Jordan,Retail,2025-03-21 09:00:00,1,0,0,0,0,0.0,14,1,15
549,Jordan,Outbound,2025-01-28 16:00:00,1,1,0,0,0,0.0,10,0,9
550,Matt,Retail,2025-02-27 11:00:00,1,0,0,0,0,0.0,15,1,0
551,Sam,Inbound,2025-02-09 14:00:00,1,0,0,0,0,0.0,12,1,19
552,Alex,Retail,2025-02-16 23:00:00,1,1,1,1,0,0.0,12,2,2
553,Alex,Retail,2025-03-26 11:00:00,0,0,0,0,0,0.0,15,0,19
554,Matt,Referral,2025-03-06 03:00:00,0,0,0,0,0,0.0,15,0,3
555,Taylor,Retail,2025-02-07 07:00:00,1,1,1,0,0,0.0,9,1,11
556,Matt,Retail,2025-02-10 06:00:00,0,0,0,0,0,0.0,5,0,6
557,Sam,Retail,2025-03-05 09:00:00,1,1,0,0,0,0.0,8,1,14
558,Taylor,Inbound,2025-02-01 03:00:00,1,0,0,0,0,0.0,11,0,8
559,Matt,Inbound,2025-01-16 02:00:00,1,1,1,0,0,0.0,5,1,7
560,Jordan,Inbound,2025-02-12 02:00:00,1,1,0,0,0,0.0,6,0,10
561,Jordan,Retail,2025-01-07 03:00:00,0,0,0,0,0,0.0,23,2,20
562,Alex,Retail,2025-01-16 06:00:00,0,0,0,0,0,0.0,8,1,5
563,Sam,Referral,2025-02-07 20:00:00,0,0,0,0,0,0.0,18,0,4
564,Jordan,Inbound,2025-03-13 16:00:00,1,1,0,0,0,0.0,4,1,1
565,Jordan,Inbound,2025-03-12 07:00:00,0,0,0,0,0,0.0,24,0,15
566,Jordan,Outbound,2025-01-24 11:00:00,1,0,0,0,0,0.0,6,1,14
567,Taylor,Outbound,2025-02-07 23:00:00,1,0,0,0,0,0.0,11,0,12
568,Sam,Retail,2025-01-14 19:00:00,1,1,1,1,0,0.0,19,0,0
569,Alex,Retail,2025-03-09 23:00:00,0,0,0,0,0,0.0,6,1,16
570,Taylor,Inbound,2025-01-23 04:00:00,0,0,0,0,0,0.0,14,1,16
571,Taylor,Retail,2025-03-13 22:00:00,1,1,1,1,1,4317.0,24,1,19
572,Taylor,Referral,2025-03-17 18:00:00,0,0,0,0,0,0.0,2,0,19
573,Sam,Inbound,2025-03-04 00:00:00,0,0,0,0,0,0.0,2,0,5
574,Alex,Outbound,2025-01-30 17:00:00,0,0,0,0,0,0.0,20,1,14
575,Sam,Referral,2025-03-27 18:00:00,1,1,0,0,0,0.0,8,1,8
576,Alex,Inbound,2025-03-03 17:00:00,0,0,0,0,0,0.0,22,0,12
577,Alex,Referral,2025-02-28 03:00:00,0,0,0,0,0,0.0,23,2,6
578,Jordan,Inbound,2025-03-19 01:00:00,0,0,0,0,0,0.0,22,1,13
579,Taylor,Referral,2025-03-21 07:00:00,1,1,1,0,0,0.0,24,1,20
580,Jordan,Retail,2025-01-07 23:00:00,0,0,0,0,0,0.0,20,0,13
581,Alex,Inbound,2025-03-21 08:00:00,1,1,1,0,0,0.0,10,0,19
582,Jordan,Inbound,2025-03-10 20:00:00,0,0,0,0,0,0.0,24,0,19
583,Alex,Retail,2025-01-19 14:00:00,1,1,0,0,0,0.0,9,0,2
584,Sam,Retail,2025-01-28 16:00:00,1,1,0,0,0,0.0,15,0,20
585,Alex,Referral,2025-03-09 17:00:00,1,0,0,0,0,0.0,2,1,17
586,Jordan,Inbound,2025-01-20 11:00:00,1,0,0,0,0,0.0,24,0,8
587,Alex,Retail,2025-02-10 17:00:00,1,1,1,1,0,0.0,15,0,12
588,Alex,Retail,2025-03-04 00:00:00,1,1,0,0,0,0.0,23,1,12
589,Taylor,Retail,2025-02-28 13:00:00,1,1,1,1,1,2311.0,26,0,16
590,Alex,Retail,2025-03-23 21:00:00,1,1,0,0,0,0.0,9,1,16
591,Matt,Referral,2025-01-11 00:00:00,0,0,0,0,0,0.0,14,1,2
592,Alex,Retail,2025-01-27 13:00:00,0,0,0,0,0,0.0,21,1,0
593,Jordan,Retail,2025-03-30 15:00:00,0,0,0,0,0,0.0,14,2,5
594,Matt,Inbound,2025-02-21 04:00:00,1,1,1,1,1,3693.0,40,0,11
595,Alex,Retail,2025-01-23 09:00:00,1,1,1,1,1,3366.0,35,0,17
596,Matt,Retail,2025-01-27 02:00:00,0,0,0,0,0,0.0,19,0,13
597,Jordan,Outbound,2025-01-31 12:00:00,1,0,0,0,0,0.0,18,2,2
598,Sam,Inbound,2025-02-19 21:00:00,1,0,0,0,0,0.0,22,3,15
599,Taylor,Events,2025-01-26 14:00:00,0,0,0,0,0,0.0,3,0,9
600,Alex,Inbound,2025-02-25 23:00:00,0,0,0,0,0,0.0,10,0,7
601,Taylor,Inbound,2025-02-10 01:00:00,1,1,1,1,0,0.0,4,0,16
602,Alex,Outbound,2025-02-24 22:00:00,0,0,0,0,0,0.0,11,0,6
603,Sam,Referral,2025-01-14 23:00:00,1,1,0,0,0,0.0,19,0,12
604,Jordan,Outbound,2025-02-26 02:00:00,0,0,0,0,0,0.0,16,0,3
605,Sam,Events,2025-03-25 05:00:00,1,0,0,0,0,0.0,19,0,8
606,Sam,Outbound,2025-01-13 03:00:00,1,1,1,1,0,0.0,18,0,11
607,Jordan,Referral,2025-01-30 11:00:00,0,0,0,0,0,0.0,24,0,13
608,Alex,Retail,2025-03-04 10:00:00,1,1,1,1,0,0.0,22,0,19
609,Jordan,Outbound,2025-02-25 13:00:00,0,0,0,0,0,0.0,15,0,6
610,Taylor,Retail,2025-03-02 17:00:00,1,1,0,0,0,0.0,22,1,18
611,Taylor,Inbound,2025-02-20 08:00:00,0,0,0,0,0,0.0,3,0,17
612,Taylor,Outbound,2025-03-03 10:00:00,0,0,0,0,0,0.0,18,0,7
613,Matt,Events,2025-02-24 20:00:00,1,1,1,1,0,0.0,14,0,2
614,Jordan,Events,2025-01-07 15:00:00,0,0,0,0,0,0.0,24,0,5
615,Matt,Retail,2025-03-09 14:00:00,1,1,1,1,1,3118.0,31,0,13
616,Sam,Outbound,2025-02-10 05:00:00,1,1,1,1,0,0.0,6,1,16
617,Taylor,Outbound,2025-01-05 15:00:00,1,1,1,1,0,0.0,18,0,12
618,Matt,Retail,2025-02-06 19:00:00,0,0,0,0,0,0.0,23,1,15
619,Sam,Retail,2025-02-09 03:00:00,0,0,0,0,0,0.0,2,0,2
620,Taylor,Retail,2025-01-08 19:00:00,0,0,0,0,0,0.0,3,0,10
621,Taylor,Outbound,2025-03-31 15:00:00,0,0,0,0,0,0.0,17,1,18
622,Alex,Inbound,2025-01-21 00:00:00,0,0,0,0,0,0.0,14,1,8
623,Matt,Events,2025-01-30 18:00:00,1,1,1,1,0,0.0,14,0,18
624,Taylor,Inbound,2025-02-09 16:00:00,0,0,0,0,0,0.0,4,1,2
625,Taylor,Events,2025-03-16 22:00:00,0,0,0,0,0,0.0,15,0,20
626,Jordan,Retail,2025-03-08 20:00:00,1,1,1,1,1,4187.0,29,0,16
627,Taylor,Outbound,2025-03-11 09:00:00,0,0,0,0,0,0.0,21,1,13
628,Matt,Retail,2025-01-22 08:00:00,1,1,1,0,0,0.0,10,0,12
629,Sam,Inbound,2025-03-18 02:00:00,1,1,1,1,0,0.0,10,1,19
630,Matt,Outbound,2025-03-16 16:00:00,1,1,1,1,1,4823.0,33,2,7
631,Taylor,Referral,2025-02-11 17:00:00,1,1,1,1,1,2982.0,18,1,3
632,Sam,Outbound,2025-02-19 02:00:00,1,0,0,0,0,0.0,16,0,19
633,Taylor,Retail,2025-01-04 08:00:00,0,0,0,0,0,0.0,8,3,2
634,Jordan,Retail,2025-03-10 10:00:00,0,0,0,0,0,0.0,18,0,13
635,Matt,Retail,2025-03-28 11:00:00,1,1,1,1,1,3361.0,10,0,5
636,Matt,Retail,2025-02-12 12:00:00,1,1,1,0,0,0.0,6,0,19
637,Alex,Outbound,2025-02-18 15:00:00,1,0,0,0,0,0.0,15,0,20
638,Sam,Outbound,2025-02-14 22:00:00,1,1,1,0,0,0.0,17,1,9
639,Matt,Outbound,2025-01-08 10:00:00,0,0,0,0,0,0.0,2,0,11
640,Taylor,Referral,2025-02-25 18:00:00,1,1,1,1,0,0.0,6,0,9
641,Alex,Outbound,2025-03-06 22:00:00,0,0,0,0,0,0.0,11,1,8
642,Jordan,Outbound,2025-03-25 12:00:00,0,0,0,0,0,0.0,5,2,19
643,Alex,Retail,2025-03-25 16:00:00,0,0,0,0,0,0.0,10,0,6
644,Jordan,Retail,2025-02-14 06:00:00,0,0,0,0,0,0.0,5,1,20
645,Jordan,Inbound,2025-03-28 07:00:00,1,1,1,1,1,3839.0,42,1,13
646,Matt,Referral,2025-02-17 13:00:00,0,0,0,0,0,0.0,15,0,20
647,Jordan,Retail,2025-02-27 18:00:00,0,0,0,0,0,0.0,9,0,12
648,Sam,Inbound,2025-02-24 04:00:00,0,0,0,0,0,0.0,19,3,17
649,Taylor,Outbound,2025-03-31 21:00:00,0,0,0,0,0,0.0,2,1,10
650,Alex,Retail,2025-03-08 09:00:00,0,0,0,0,0,0.0,15,1,9
651,Taylor,Retail,2025-01-11 19:00:00,0,0,0,0,0,0.0,17,0,5
652,Taylor,Referral,2025-01-07 11:00:00,1,1,0,0,0,0.0,20,1,4
653,Taylor,Outbound,2025-02-06 21:00:00,0,0,0,0,0,0.0,7,0,0
654,Alex,Retail,2025-02-16 09:00:00,0,0,0,0,0,0.0,15,0,8
655,Taylor,Referral,2025-03-02 04:00:00,1,1,1,1,0,0.0,19,1,20
656,Jordan,Retail,2025-02-13 08:00:00,0,0,0,0,0,0.0,20,1,19
657,Matt,Referral,2025-02-16 07:00:00,1,1,0,0,0,0.0,6,1,14
658,Alex,Retail,2025-03-24 22:00:00,0,0,0,0,0,0.0,24,0,7
659,Sam,Inbound,2025-01-31 03:00:00,1,0,0,0,0,0.0,8,1,10
660,Matt,Retail,2025-02-14 09:00:00,1,1,1,0,0,0.0,10,0,15
661,Jordan,Retail,2025-02-20 03:00:00,0,0,0,0,0,0.0,6,0,0
662,Sam,Referral,2025-02-12 03:00:00,1,0,0,0,0,0.0,5,0,19
663,Matt,Retail,2025-03-29 03:00:00,1,0,0,0,0,0.0,7,2,18
664,Jordan,Retail,2025-03-28 14:00:00,1,1,1,1,1,2301.0,37,2,20
665,Alex,Retail,2025-02-16 04:00:00,1,1,1,1,0,0.0,18,0,1
666,Jordan,Outbound,2025-02-10 13:00:00,0,0,0,0,0,0.0,15,1,19
667,Alex,Outbound,2025-02-23 00:00:00,0,0,0,0,0,0.0,10,0,12
668,Taylor,Events,2025-01-17 06:00:00,1,1,1,0,0,0.0,14,2,11
669,Matt,Retail,2025-02-08 08:00:00,0,0,0,0,0,0.0,15,0,3
670,Taylor,Retail,2025-01-20 12:00:00,1,1,1,0,0,0.0,6,1,10
671,Sam,Retail,2025-01-13 23:00:00,0,0,0,0,0,0.0,8,0,7
672,Taylor,Inbound,2025-01-09 13:00:00,1,1,1,0,0,0.0,22,4,20
673,Taylor,Events,2025-02-22 20:00:00,1,1,1,1,0,0.0,2,0,7
674,Matt,Outbound,2025-01-01 01:00:00,1,1,1,1,0,0.0,24,0,4
675,Taylor,Inbound,2025-02-28 03:00:00,0,0,0,0,0,0.0,24,2,19
676,Jordan,Retail,2025-02-08 21:00:00,1,0,0,0,0,0.0,7,0,3
677,Taylor,Referral,2025-02-02 23:00:00,1,1,1,1,0,0.0,9,0,18
678,Taylor,Inbound,2025-03-11 05:00:00,0,0,0,0,0,0.0,6,0,20
679,Jordan,Retail,2025-02-18 11:00:00,0,0,0,0,0,0.0,14,1,6
680,Alex,Retail,2025-03-08 00:00:00,1,1,0,0,0,0.0,6,0,14
681,Matt,Retail,2025-03-05 20:00:00,0,0,0,0,0,0.0,20,1,16
682,Matt,Retail,2025-01-03 21:00:00,0,0,0,0,0,0.0,10,0,11
683,Alex,Retail,2025-01-20 09:00:00,1,1,0,0,0,0.0,24,0,14
684,Taylor,Inbound,2025-02-21 07:00:00,0,0,0,0,0,0.0,21,0,2
685,Jordan,Inbound,2025-03-29 19:00:00,1,1,0,0,0,0.0,11,0,10
686,Jordan,Retail,2025-01-14 21:00:00,0,0,0,0,0,0.0,15,0,10
687,Alex,Retail,2025-01-10 12:00:00,1,1,1,1,1,3642.0,21,0,11
688,Jordan,Events,2025-03-26 16:00:00,0,0,0,0,0,0.0,3,0,19
689,Sam,Outbound,2025-03-29 00:00:00,1,1,0,0,0,0.0,13,0,17
690,Taylor,Inbound,2025-01-16 01:00:00,1,1,0,0,0,0.0,12,0,12
691,Sam,Retail,2025-02-06 03:00:00,0,0,0,0,0,0.0,11,1,8
692,Sam,Referral,2025-02-26 09:00:00,1,1,1,1,0,0.0,4,0,8
693,Taylor,Retail,2025-01-18 13:00:00,0,0,0,0,0,0.0,21,1,0
694,Jordan,Retail,2025-01-30 08:00:00,0,0,0,0,0,0.0,11,0,11
695,Taylor,Referral,2025-02-05 13:00:00,0,0,0,0,0,0.0,12,1,5
696,Alex,Inbound,2025-02-27 17:00:00,1,1,1,1,0,0.0,11,0,18
697,Matt,Outbound,2025-01-28 17:00:00,0,0,0,0,0,0.0,13,1,16
698,Jordan,Inbound,2025-02-07 02:00:00,1,1,1,0,0,0.0,16,0,19
699,Matt,Outbound,2025-01-27 01:00:00,1,1,1,0,0,0.0,19,0,20
700,Matt,Retail,2025-03-10 08:00:00,0,0,0,0,0,0.0,14,0,8
701,Taylor,Retail,2025-01-14 18:00:00,0,0,0,0,0,0.0,5,1,8
702,Sam,Retail,2025-01-21 18:00:00,1,1,1,1,1,4035.0,27,0,12
703,Alex,Retail,2025-01-23 11:00:00,1,1,1,1,1,5047.0,17,0,9
704,Taylor,Referral,2025-03-23 12:00:00,0,0,0,0,0,0.0,2,1,5
705,Matt,Retail,2025-03-27 00:00:00,0,0,0,0,0,0.0,2,0,14
706,Alex,Inbound,2025-02-15 00:00:00,1,1,1,1,0,0.0,19,0,9
707,Sam,Outbound,2025-01-15 01:00:00,0,0,0,0,0,0.0,10,1,19
708,Alex,Outbound,2025-03-10 01:00:00,1,1,1,0,0,0.0,2,1,4
709,Sam,Retail,2025-02-14 06:00:00,1,1,1,1,1,3908.0,27,0,9
710,Taylor,Inbound,2025-03-18 11:00:00,0,0,0,0,0,0.0,8,0,11
711,Matt,Events,2025-02-02 09:00:00,0,0,0,0,0,0.0,24,0,19
712,Matt,Outbound,2025-03-31 21:00:00,1,1,1,1,1,2328.0,34,0,12
713,Taylor,Outbound,2025-03-14 15:00:00,1,0,0,0,0,0.0,3,1,1
714,Jordan,Referral,2025-01-21 03:00:00,1,1,0,0,0,0.0,17,1,7
715,Jordan,Outbound,2025-03-07 07:00:00,0,0,0,0,0,0.0,15,1,18
716,Jordan,Retail,2025-01-26 19:00:00,1,0,0,0,0,0.0,5,0,5
717,Jordan,Inbound,2025-02-01 11:00:00,1,1,1,0,0,0.0,9,0,7
718,Sam,Retail,2025-01-23 12:00:00,0,0,0,0,0,0.0,13,4,3
719,Jordan,Outbound,2025-03-03 09:00:00,1,0,0,0,0,0.0,5,0,15
720,Matt,Events,2025-01-24 15:00:00,0,0,0,0,0,0.0,18,0,2
721,Sam,Inbound,2025-02-27 11:00:00,1,1,1,0,0,0.0,8,1,7
722,Sam,Retail,2025-02-22 10:00:00,0,0,0,0,0,0.0,23,0,14
723,Matt,Retail,2025-03-09 13:00:00,1,0,0,0,0,0.0,20,1,18
724,Alex,Events,2025-03-31 10:00:00,1,1,1,0,0,0.0,16,1,4
725,Sam,Retail,2025-01-01 19:00:00,1,0,0,0,0,0.0,4,2,6
726,Sam,Retail,2025-03-31 03:00:00,0,0,0,0,0,0.0,2,0,2
727,Matt,Retail,2025-01-10 20:00:00,0,0,0,0,0,0.0,5,0,9
728,Matt,Retail,2025-02-17 09:00:00,1,1,1,1,0,0.0,13,0,20
729,Jordan,Inbound,2025-01-31 16:00:00,1,1,1,0,0,0.0,19,0,6
730,Jordan,Inbound,2025-02-27 12:00:00,0,0,0,0,0,0.0,5,1,5
731,Taylor,Retail,2025-03-06 22:00:00,1,0,0,0,0,0.0,18,0,8
732,Jordan,Retail,2025-03-19 09:00:00,1,0,0,0,0,0.0,3,0,18
733,Taylor,Retail,2025-02-06 04:00:00,0,0,0,0,0,0.0,8,1,11
734,Alex,Retail,2025-03-25 23:00:00,1,1,1,0,0,0.0,15,0,12
735,Jordan,Retail,2025-01-30 00:00:00,1,1,0,0,0,0.0,21,0,16
736,Matt,Outbound,2025-01-19 08:00:00,1,0,0,0,0,0.0,19,0,15
737,Jordan,Retail,2025-02-04 02:00:00,1,1,1,1,0,0.0,14,1,12
738,Matt,Retail,2025-02-17 13:00:00,1,1,1,0,0,0.0,2,1,11
739,Jordan,Retail,2025-03-02 03:00:00,0,0,0,0,0,0.0,8,1,11
740,Alex,Retail,2025-03-16 22:00:00,0,0,0,0,0,0.0,20,1,3
741,Matt,Retail,2025-01-21 05:00:00,1,1,1,0,0,0.0,3,0,8
742,Matt,Retail,2025-01-28 06:00:00,0,0,0,0,0,0.0,18,1,17
743,Jordan,Referral,2025-03-26 11:00:00,1,0,0,0,0,0.0,18,0,0
744,Taylor,Retail,2025-02-09 13:00:00,0,0,0,0,0,0.0,19,0,17
745,Matt,Inbound,2025-01-22 17:00:00,1,1,1,0,0,0.0,6,0,11
746,Jordan,Inbound,2025-03-30 16:00:00,0,0,0,0,0,0.0,7,0,7
747,Alex,Retail,2025-02-10 09:00:00,1,1,1,1,1,3908.0,22,0,2
748,Taylor,Retail,2025-03-30 15:00:00,1,0,0,0,0,0.0,11,0,16
749,Jordan,Outbound,2025-03-24 17:00:00,1,1,0,0,0,0.0,14,0,0
750,Taylor,Referral,2025-03-23 13:00:00,1,1,1,0,0,0.0,4,1,11
751,Alex,Retail,2025-02-22 08:00:00,1,1,1,1,0,0.0,15,1,3
752,Matt,Retail,2025-03-13 20:00:00,0,0,0,0,0,0.0,7,0,19
753,Jordan,Retail,2025-03-28 10:00:00,0,0,0,0,0,0.0,14,0,3
754,Sam,Inbound,2025-01-25 05:00:00,1,1,1,0,0,0.0,8,2,16
755,Taylor,Outbound,2025-01-04 09:00:00,0,0,0,0,0,0.0,23,1,12
756,Taylor,Retail,2025-01-29 21:00:00,0,0,0,0,0,0.0,9,1,0
757,Taylor,Retail,2025-02-27 07:00:00,0,0,0,0,0,0.0,22,1,15
758,Sam,Referral,2025-02-19 06:00:00,0,0,0,0,0,0.0,6,0,18
759,Alex,Retail,2025-01-08 06:00:00,0,0,0,0,0,0.0,3,0,4
760,Jordan,Inbound,2025-02-20 11:00:00,1,1,0,0,0,0.0,6,0,20
761,Matt,Outbound,2025-01-16 16:00:00,0,0,0,0,0,0.0,11,1,16
762,Jordan,Retail,2025-02-15 11:00:00,0,0,0,0,0,0.0,22,0,15
763,Alex,Retail,2025-02-21 19:00:00,1,1,0,0,0,0.0,6,1,7
764,Matt,Retail,2025-02-27 07:00:00,1,1,1,0,0,0.0,20,1,2
765,Alex,Referral,2025-02-07 03:00:00,1,1,1,1,0,0.0,18,0,9
766,Jordan,Retail,2025-02-06 17:00:00,0,0,0,0,0,0.0,9,0,16
767,Alex,Retail,2025-03-03 01:00:00,1,1,1,1,1,3122.0,33,0,12
768,Taylor,Retail,2025-03-09 10:00:00,0,0,0,0,0,0.0,23,0,13
769,Jordan,Retail,2025-03-14 16:00:00,0,0,0,0,0,0.0,18,0,16
770,Taylor,Inbound,2025-01-31 00:00:00,0,0,0,0,0,0.0,7,0,7
771,Sam,Retail,2025-02-08 04:00:00,1,0,0,0,0,0.0,22,0,0
772,Matt,Inbound,2025-01-30 18:00:00,0,0,0,0,0,0.0,11,1,18
773,Alex,Inbound,2025-02-17 11:00:00,0,0,0,0,0,0.0,3,0,12
774,Sam,Referral,2025-01-12 10:00:00,1,0,0,0,0,0.0,20,0,11
775,Jordan,Retail,2025-02-08 16:00:00,0,0,0,0,0,0.0,21,4,12
776,Alex,Referral,2025-01-17 23:00:00,1,1,1,1,0,0.0,12,1,17
777,Jordan,Inbound,2025-02-17 21:00:00,0,0,0,0,0,0.0,18,1,16
778,Taylor,Retail,2025-03-18 13:00:00,1,1,1,1,0,0.0,7,0,14
779,Alex,Outbound,2025-03-30 16:00:00,1,1,1,0,0,0.0,21,3,16
780,Matt,Referral,2025-02-10 03:00:00,1,0,0,0,0,0.0,10,0,6
781,Alex,Retail,2025-01-06 01:00:00,1,1,1,0,0,0.0,8,0,14
782,Taylor,Referral,2025-01-21 12:00:00,1,0,0,0,0,0.0,13,0,20
783,Sam,Inbound,2025-01-10 10:00:00,0,0,0,0,0,0.0,8,0,4
784,Taylor,Inbound,2025-03-10 08:00:00,1,1,1,0,0,0.0,16,0,11
785,Taylor,Events,2025-03-30 14:00:00,1,1,0,0,0,0.0,19,1,14
786,Matt,Retail,2025-02-19 20:00:00,0,0,0,0,0,0.0,11,2,10
787,Alex,Outbound,2025-01-16 21:00:00,0,0,0,0,0,0.0,20,0,20
788,Matt,Retail,2025-01-02 21:00:00,1,1,0,0,0,0.0,11,0,8
789,Matt,Outbound,2025-03-29 20:00:00,0,0,0,0,0,0.0,24,0,4
790,Taylor,Inbound,2025-01-29 11:00:00,1,1,1,1,1,4694.0,38,1,2
791,Taylor,Retail,2025-01-11 01:00:00,0,0,0,0,0,0.0,18,0,17
792,Matt,Retail,2025-01-16 22:00:00,1,1,1,0,0,0.0,14,3,14
793,Sam,Retail,2025-01-23 23:00:00,0,0,0,0,0,0.0,23,1,12
794,Jordan,Retail,2025-03-01 00:00:00,0,0,0,0,0,0.0,7,0,9
795,Matt,Retail,2025-03-22 06:00:00,0,0,0,0,0,0.0,6,2,8
796,Taylor,Retail,2025-01-25 18:00:00,0,0,0,0,0,0.0,21,0,19
797,Taylor,Retail,2025-03-03 20:00:00,0,0,0,0,0,0.0,22,0,14
798,Jordan,Retail,2025-01-06 20:00:00,1,1,1,0,0,0.0,19,2,20
799,Sam,Outbound,2025-01-01 21:00:00,0,0,0,0,0,0.0,12,0,16
800,Alex,Outbound,2025-01-05 22:00:00,0,0,0,0,0,0.0,11,1,16
801,Sam,Outbound,2025-03-25 01:00:00,0,0,0,0,0,0.0,17,0,11
802,Jordan,Retail,2025-02-22 08:00:00,1,1,1,1,1,3330.0,39,2,5
803,Taylor,Referral,2025-03-14 11:00:00,1,1,1,0,0,0.0,8,1,13
804,Matt,Inbound,2025-01-02 22:00:00,0,0,0,0,0,0.0,2,1,15
805,Matt,Retail,2025-01-03 00:00:00,1,1,0,0,0,0.0,3,1,10
806,Taylor,Retail,2025-03-18 09:00:00,1,1,0,0,0,0.0,9,0,0
807,Alex,Outbound,2025-01-10 05:00:00,1,1,1,0,0,0.0,17,1,20
808,Alex,Retail,2025-01-14 23:00:00,0,0,0,0,0,0.0,12,0,17
809,Sam,Inbound,2025-02-16 16:00:00,1,0,0,0,0,0.0,16,0,7
810,Matt,Events,2025-02-24 14:00:00,1,1,1,0,0,0.0,12,2,10
811,Jordan,Retail,2025-01-21 14:00:00,1,1,1,1,0,0.0,7,1,2
812,Alex,Retail,2025-02-10 00:00:00,0,0,0,0,0,0.0,19,0,19
813,Matt,Events,2025-03-02 17:00:00,0,0,0,0,0,0.0,18,1,4
814,Taylor,Inbound,2025-02-09 20:00:00,1,1,0,0,0,0.0,24,1,7
815,Matt,Retail,2025-02-04 10:00:00,1,1,1,1,0,0.0,20,0,8
816,Matt,Referral,2025-01-07 11:00:00,0,0,0,0,0,0.0,10,1,5
817,Sam,Referral,2025-02-10 16:00:00,1,1,1,1,1,2759.0,28,0,13
818,Taylor,Inbound,2025-03-14 05:00:00,0,0,0,0,0,0.0,10,0,20
819,Matt,Inbound,2025-02-26 09:00:00,1,1,1,1,0,0.0,22,0,17
820,Sam,Retail,2025-03-22 08:00:00,0,0,0,0,0,0.0,16,0,11
821,Jordan,Retail,2025-01-12 08:00:00,1,1,0,0,0,0.0,21,1,2
822,Taylor,Inbound,2025-01-01 23:00:00,0,0,0,0,0,0.0,8,1,18
823,Matt,Retail,2025-02-19 08:00:00,1,1,1,0,0,0.0,2,0,5
824,Taylor,Outbound,2025-01-17 01:00:00,0,0,0,0,0,0.0,5,0,19
825,Sam,Referral,2025-02-23 11:00:00,0,0,0,0,0,0.0,14,2,8
826,Taylor,Retail,2025-03-23 08:00:00,0,0,0,0,0,0.0,24,0,10
827,Alex,Inbound,2025-01-31 08:00:00,1,1,1,0,0,0.0,16,2,9
828,Taylor,Retail,2025-02-19 10:00:00,1,1,1,1,1,4070.0,35,0,9
829,Sam,Referral,2025-03-03 08:00:00,0,0,0,0,0,0.0,12,1,3
830,Matt,Retail,2025-01-14 12:00:00,0,0,0,0,0,0.0,24,1,11
831,Taylor,Inbound,2025-03-22 18:00:00,1,1,1,0,0,0.0,23,1,8
832,Sam,Inbound,2025-01-19 06:00:00,1,1,1,1,1,3530.0,22,1,17
833,Alex,Retail,2025-03-14 17:00:00,1,1,1,1,0,0.0,21,0,10
834,Jordan,Outbound,2025-03-01 09:00:00,0,0,0,0,0,0.0,2,1,20
835,Alex,Outbound,2025-01-13 16:00:00,0,0,0,0,0,0.0,15,0,6
836,Jordan,Inbound,2025-03-07 05:00:00,0,0,0,0,0,0.0,12,1,6
837,Taylor,Outbound,2025-01-18 16:00:00,0,0,0,0,0,0.0,8,1,0
838,Taylor,Events,2025-02-23 22:00:00,1,1,1,1,1,3012.0,13,2,15
839,Alex,Retail,2025-03-28 08:00:00,1,1,1,1,1,4467.0,34,0,1
840,Taylor,Inbound,2025-03-27 18:00:00,1,1,1,1,1,3380.0,36,1,5
841,Jordan,Retail,2025-03-20 09:00:00,0,0,0,0,0,0.0,5,0,19
842,Sam,Outbound,2025-02-14 11:00:00,1,1,1,1,1,4333.0,18,1,12
843,Sam,Inbound,2025-02-20 08:00:00,1,1,1,1,1,5428.0,7,0,11
844,Jordan,Retail,2025-01-28 00:00:00,1,1,1,1,0,0.0,3,1,16
845,Jordan,Retail,2025-03-24 21:00:00,1,0,0,0,0,0.0,8,0,16
846,Jordan,Referral,2025-02-12 22:00:00,0,0,0,0,0,0.0,19,0,18
847,Taylor,Retail,2025-03-11 10:00:00,1,1,1,0,0,0.0,22,0,13
848,Alex,Outbound,2025-02-02 08:00:00,1,1,1,1,0,0.0,20,2,9
849,Alex,Retail,2025-03-08 15:00:00,0,0,0,0,0,0.0,13,0,2
850,Alex,Events,2025-01-21 04:00:00,1,1,0,0,0,0.0,17,0,7
851,Matt,Retail,2025-03-08 00:00:00,1,1,1,0,0,0.0,23,0,14
852,Alex,Retail,2025-01-05 03:00:00,1,1,0,0,0,0.0,3,1,5
853,Matt,Referral,2025-01-10 10:00:00,0,0,0,0,0,0.0,22,0,14
854,Matt,Referral,2025-02-01 16:00:00,1,1,1,1,0,0.0,18,2,2
855,Sam,Retail,2025-02-13 09:00:00,0,0,0,0,0,0.0,10,1,1
856,Matt,Inbound,2025-03-06 00:00:00,0,0,0,0,0,0.0,12,0,7
857,Jordan,Outbound,2025-02-02 07:00:00,0,0,0,0,0,0.0,12,0,4
858,Sam,Referral,2025-01-02 15:00:00,1,1,1,1,0,0.0,5,2,18
859,Sam,Retail,2025-01-30 06:00:00,0,0,0,0,0,0.0,7,1,7
860,Jordan,Inbound,2025-02-09 12:00:00,1,1,1,1,0,0.0,8,0,8
861,Matt,Outbound,2025-02-18 22:00:00,1,1,1,1,0,0.0,2,0,8
862,Taylor,Outbound,2025-02-27 23:00:00,1,1,0,0,0,0.0,13,0,6
863,Taylor,Outbound,2025-01-23 06:00:00,1,1,1,1,0,0.0,12,3,19
864,Sam,Inbound,2025-02-24 22:00:00,1,1,0,0,0,0.0,9,0,15
865,Matt,Retail,2025-02-26 20:00:00,1,0,0,0,0,0.0,6,1,3
866,Matt,Referral,2025-03-11 21:00:00,1,1,1,1,0,0.0,24,0,4
867,Alex,Referral,2025-02-16 23:00:00,1,1,1,0,0,0.0,17,1,1
868,Matt,Outbound,2025-03-14 22:00:00,0,0,0,0,0,0.0,12,1,5
869,Taylor,Retail,2025-01-20 22:00:00,0,0,0,0,0,0.0,18,0,13
870,Alex,Retail,2025-03-06 01:00:00,1,1,1,1,0,0.0,10,0,19
871,Alex,Outbound,2025-01-05 03:00:00,0,0,0,0,0,0.0,6,0,10
872,Taylor,Retail,2025-01-10 06:00:00,1,1,1,1,0,0.0,17,0,1
873,Taylor,Events,2025-03-19 19:00:00,1,1,1,1,0,0.0,19,0,0
874,Alex,Retail,2025-02-12 18:00:00,1,1,1,1,0,0.0,16,1,8
875,Alex,Outbound,2025-02-25 21:00:00,1,0,0,0,0,0.0,15,0,5
876,Jordan,Referral,2025-02-24 07:00:00,1,1,1,1,0,0.0,2,0,12
877,Sam,Retail,2025-03-04 12:00:00,1,1,1,1,0,0.0,16,1,2
878,Taylor,Retail,2025-01-23 02:00:00,1,0,0,0,0,0.0,16,0,4
879,Taylor,Inbound,2025-01-17 01:00:00,1,1,1,0,0,0.0,11,0,11
880,Taylor,Inbound,2025-01-04 19:00:00,1,1,1,1,0,0.0,7,0,5
881,Matt,Retail,2025-03-19 19:00:00,1,1,1,1,0,0.0,24,1,7
882,Alex,Inbound,2025-01-21 02:00:00,1,0,0,0,0,0.0,10,0,4
883,Jordan,Referral,2025-02-21 18:00:00,1,1,1,0,0,0.0,8,1,1
884,Matt,Inbound,2025-02-10 22:00:00,1,1,1,0,0,0.0,18,1,7
885,Alex,Retail,2025-01-15 14:00:00,1,0,0,0,0,0.0,13,1,6
886,Matt,Retail,2025-02-07 06:00:00,1,1,0,0,0,0.0,14,0,18
887,Taylor,Retail,2025-01-08 11:00:00,1,0,0,0,0,0.0,16,0,18
888,Matt,Retail,2025-01-16 21:00:00,0,0,0,0,0,0.0,10,1,9
889,Matt,Retail,2025-01-13 13:00:00,1,0,0,0,0,0.0,5,2,6
890,Matt,Outbound,2025-03-16 04:00:00,1,1,0,0,0,0.0,5,0,8
891,Matt,Retail,2025-02-21 01:00:00,1,1,1,0,0,0.0,23,0,12
892,Jordan,Events,2025-03-25 07:00:00,0,0,0,0,0,0.0,13,2,8
893,Alex,Retail,2025-02-09 05:00:00,0,0,0,0,0,0.0,11,0,15
894,Taylor,Retail,2025-01-19 02:00:00,0,0,0,0,0,0.0,9,1,20
895,Alex,Outbound,2025-02-24 18:00:00,0,0,0,0,0,0.0,18,0,8
896,Jordan,Referral,2025-03-25 15:00:00,1,1,1,0,0,0.0,22,0,2
897,Sam,Retail,2025-02-17 22:00:00,0,0,0,0,0,0.0,19,0,2
898,Sam,Retail,2025-01-02 14:00:00,1,1,1,0,0,0.0,14,2,18
899,Sam,Retail,2025-01-28 07:00:00,0,0,0,0,0,0.0,12,0,8
900,Alex,Inbound,2025-03-25 05:00:00,1,1,0,0,0,0.0,21,1,6
901,Jordan,Inbound,2025-02-16 15:00:00,1,1,1,0,0,0.0,21,0,13
902,Taylor,Retail,2025-03-27 16:00:00,0,0,0,0,0,0.0,10,0,20
903,Taylor,Retail,2025-02-15 20:00:00,1,1,1,1,1,2524.0,37,2,8
904,Sam,Inbound,2025-01-02 02:00:00,0,0,0,0,0,0.0,21,0,6
905,Sam,Events,2025-03-20 13:00:00,1,1,0,0,0,0.0,21,1,18
906,Taylor,Outbound,2025-03-10 16:00:00,0,0,0,0,0,0.0,3,1,1
907,Sam,Inbound,2025-03-06 08:00:00,0,0,0,0,0,0.0,4,0,17
908,Taylor,Retail,2025-03-29 07:00:00,1,0,0,0,0,0.0,8,0,10
909,Matt,Retail,2025-01-18 15:00:00,0,0,0,0,0,0.0,19,0,0
910,Alex,Retail,2025-03-23 12:00:00,0,0,0,0,0,0.0,3,0,4
911,Matt,Outbound,2025-01-21 22:00:00,0,0,0,0,0,0.0,3,1,14
912,Matt,Referral,2025-03-29 08:00:00,1,1,1,1,1,3477.0,37,1,15
913,Jordan,Referral,2025-01-18 05:00:00,1,0,0,0,0,0.0,6,0,4
914,Alex,Events,2025-02-19 12:00:00,0,0,0,0,0,0.0,23,0,13
915,Jordan,Events,2025-03-13 00:00:00,1,1,1,1,1,4011.0,9,0,20
916,Jordan,Events,2025-01-08 00:00:00,1,1,0,0,0,0.0,18,0,14
917,Sam,Retail,2025-01-07 00:00:00,1,1,0,0,0,0.0,8,2,14
918,Taylor,Retail,2025-03-18 11:00:00,0,0,0,0,0,0.0,16,1,4
919,Taylor,Retail,2025-01-06 10:00:00,1,1,0,0,0,0.0,19,0,13
920,Alex,Inbound,2025-02-25 05:00:00,0,0,0,0,0,0.0,14,1,14
921,Alex,Retail,2025-03-26 10:00:00,0,0,0,0,0,0.0,21,0,2
922,Sam,Referral,2025-02-25 07:00:00,1,0,0,0,0,0.0,15,2,6
923,Matt,Inbound,2025-02-13 06:00:00,1,1,1,0,0,0.0,9,0,18
924,Jordan,Inbound,2025-02-07 13:00:00,0,0,0,0,0,0.0,16,1,20
925,Jordan,Retail,2025-02-27 10:00:00,1,1,1,1,0,0.0,23,2,3
926,Matt,Retail,2025-02-21 11:00:00,0,0,0,0,0,0.0,21,1,15
927,Sam,Retail,2025-02-15 03:00:00,0,0,0,0,0,0.0,13,1,10
928,Alex,Referral,2025-01-14 19:00:00,0,0,0,0,0,0.0,15,0,12
929,Matt,Inbound,2025-03-01 15:00:00,1,1,0,0,0,0.0,24,0,10
930,Sam,Outbound,2025-03-08 13:00:00,0,0,0,0,0,0.0,19,1,18
931,Matt,Retail,2025-03-05 19:00:00,0,0,0,0,0,0.0,13,1,9
932,Sam,Retail,2025-01-07 18:00:00,1,1,1,1,1,3013.0,42,0,12
933,Matt,Retail,2025-03-05 06:00:00,0,0,0,0,0,0.0,22,0,14
934,Jordan,Outbound,2025-03-07 16:00:00,0,0,0,0,0,0.0,24,1,11
935,Taylor,Outbound,2025-01-17 12:00:00,0,0,0,0,0,0.0,3,1,18
936,Alex,Retail,2025-03-18 09:00:00,1,1,1,1,1,2979.0,37,0,4
937,Sam,Referral,2025-02-17 03:00:00,1,1,1,1,1,3931.0,11,1,19
938,Sam,Retail,2025-02-12 12:00:00,1,1,0,0,0,0.0,10,0,14
939,Taylor,Referral,2025-03-07 01:00:00,1,1,1,0,0,0.0,5,1,20
940,Matt,Retail,2025-02-15 21:00:00,1,1,1,0,0,0.0,22,3,7
941,Sam,Retail,2025-02-19 00:00:00,0,0,0,0,0,0.0,23,0,10
942,Taylor,Referral,2025-01-29 02:00:00,1,1,1,1,0,0.0,6,1,0
943,Sam,Retail,2025-03-25 12:00:00,0,0,0,0,0,0.0,21,2,19
944,Matt,Retail,2025-03-29 06:00:00,1,1,0,0,0,0.0,5,0,17
945,Taylor,Retail,2025-01-12 17:00:00,1,1,1,1,0,0.0,20,1,6
946,Matt,Retail,2025-03-07 23:00:00,1,0,0,0,0,0.0,10,0,1
947,Jordan,Outbound,2025-01-03 02:00:00,1,1,1,1,1,4453.0,41,1,14
948,Jordan,Referral,2025-02-03 05:00:00,0,0,0,0,0,0.0,11,0,14
949,Jordan,Referral,2025-03-29 07:00:00,0,0,0,0,0,0.0,20,1,11
950,Jordan,Retail,2025-01-16 17:00:00,0,0,0,0,0,0.0,23,0,3
951,Matt,Inbound,2025-02-03 22:00:00,1,1,1,1,0,0.0,4,2,19
952,Jordan,Retail,2025-01-20 18:00:00,0,0,0,0,0,0.0,21,0,9
953,Taylor,Retail,2025-03-07 12:00:00,1,0,0,0,0,0.0,8,1,15
954,Jordan,Retail,2025-02-11 18:00:00,0,0,0,0,0,0.0,12,1,18
955,Alex,Referral,2025-02-23 09:00:00,1,1,1,1,1,3329.0,8,0,11
956,Taylor,Referral,2025-03-26 19:00:00,1,1,1,1,0,0.0,24,1,1
957,Matt,Outbound,2025-02-16 21:00:00,1,0,0,0,0,0.0,20,1,18
958,Jordan,Inbound,2025-03-08 01:00:00,1,0,0,0,0,0.0,16,1,14
959,Jordan,Inbound,2025-01-09 19:00:00,1,1,1,0,0,0.0,18,2,18
960,Jordan,Inbound,2025-01-20 08:00:00,0,0,0,0,0,0.0,22,0,12
961,Taylor,Inbound,2025-03-27 05:00:00,0,0,0,0,0,0.0,5,2,19
962,Jordan,Retail,2025-03-19 08:00:00,0,0,0,0,0,0.0,7,0,18
963,Taylor,Retail,2025-03-01 02:00:00,1,1,1,1,0,0.0,2,1,4
964,Matt,Retail,2025-02-04 00:00:00,0,0,0,0,0,0.0,13,1,3
965,Sam,Events,2025-01-18 23:00:00,1,1,1,0,0,0.0,13,0,3
966,Jordan,Inbound,2025-03-18 15:00:00,1,1,1,1,0,0.0,2,1,16
967,Alex,Events,2025-03-12 16:00:00,1,1,1,0,0,0.0,17,1,5
968,Alex,Retail,2025-01-22 18:00:00,1,1,1,1,0,0.0,2,0,9
969,Sam,Inbound,2025-02-23 02:00:00,0,0,0,0,0,0.0,20,0,16
970,Sam,Retail,2025-02-25 16:00:00,1,1,1,0,0,0.0,18,0,9
971,Sam,Retail,2025-02-12 23:00:00,1,0,0,0,0,0.0,20,2,1
972,Matt,Retail,2025-03-25 09:00:00,0,0,0,0,0,0.0,4,0,7
973,Jordan,Retail,2025-01-12 04:00:00,1,1,1,1,0,0.0,22,0,1
974,Taylor,Referral,2025-01-24 05:00:00,0,0,0,0,0,0.0,14,0,8
975,Matt,Retail,2025-01-09 13:00:00,1,1,1,0,0,0.0,21,1,15
976,Jordan,Inbound,2025-03-04 08:00:00,0,0,0,0,0,0.0,18,0,10
977,Jordan,Inbound,2025-02-27 23:00:00,0,0,0,0,0,0.0,17,0,14
978,Taylor,Retail,2025-03-30 20:00:00,0,0,0,0,0,0.0,2,0,2
979,Alex,Inbound,2025-02-18 19:00:00,0,0,0,0,0,0.0,17,1,15
980,Jordan,Retail,2025-01-14 13:00:00,0,0,0,0,0,0.0,12,1,8
981,Sam,Events,2025-02-10 13:00:00,0,0,0,0,0,0.0,21,1,6
982,Matt,Outbound,2025-01-08 22:00:00,1,1,1,1,1,3603.0,27,1,13
983,Taylor,Outbound,2025-03-02 09:00:00,1,1,1,0,0,0.0,3,0,2
984,Taylor,Inbound,2025-03-02 16:00:00,0,0,0,0,0,0.0,22,1,10
985,Sam,Retail,2025-03-19 04:00:00,1,1,1,0,0,0.0,3,0,8
986,Sam,Referral,2025-01-31 13:00:00,1,1,1,1,1,2622.0,43,0,3
987,Sam,Retail,2025-01-28 21:00:00,1,1,1,1,0,0.0,6,0,19
988,Sam,Retail,2025-01-07 09:00:00,1,1,1,1,0,0.0,24,2,7
989,Taylor,Retail,2025-02-07 08:00:00,1,0,0,0,0,0.0,5,2,0
990,Jordan,Outbound,2025-02-12 18:00:00,0,0,0,0,0,0.0,21,0,9
991,Jordan,Inbound,2025-03-09 21:00:00,0,0,0,0,0,0.0,7,0,20
992,Sam,Outbound,2025-03-09 20:00:00,0,0,0,0,0,0.0,16,3,14
993,Matt,Outbound,2025-01-13 14:00:00,1,1,0,0,0,0.0,4,0,13
994,Taylor,Retail,2025-01-26 15:00:00,1,1,1,0,0,0.0,11,1,18
995,Sam,Referral,2025-02-16 00:00:00,0,0,0,0,0,0.0,16,1,1
996,Sam,Retail,2025-01-31 03:00:00,1,1,1,1,1,3638.0,27,0,11
997,Alex,Inbound,2025-01-03 07:00:00,0,0,0,0,0,0.0,22,2,6
998,Alex,Retail,2025-03-18 02:00:00,1,1,1,0,0,0.0,20,0,14
999,Jordan,Events,2025-03-07 19:00:00,0,0,0,0,0,0.0,13,0,17
1000,Sam,Retail,2025-02-16 19:00:00,1,1,1,0,0,0.0,8,1,1
